timestamp,date,volume,close,high,low,open,Ma5
1560939180000,2019-06-19 18:13:00,1.0,6.8514,6.8514,6.8514,6.8514,6.84718
1560939120000,2019-06-19 18:12:00,540.8742,6.8514,6.8514,6.8389,6.8389,6.846300000000001
1560939060000,2019-06-19 18:11:00,742.8480000000001,6.8389,6.8442,6.8389,6.8442,6.844300000000001
1560939000000,2019-06-19 18:10:00,1965.91683972,6.8442,6.85,6.8438,6.85,6.843480000000001
1560938940000,2019-06-19 18:09:00,1337.2241800000002,6.85,6.85,6.847,6.847,6.84166
1560938880000,2019-06-19 18:08:00,1760.857960845,6.847,6.85,6.8414,6.8414,6.8391
1560938820000,2019-06-19 18:07:00,664.04247549,6.8414,6.8414,6.8354,6.8362,6.83798
1560938760000,2019-06-19 18:06:00,7482.5007239999995,6.8348,6.8428,6.8346,6.8348,6.8396799999999995
1560938700000,2019-06-19 18:05:00,3574.6345101735997,6.8351,6.8401,6.8348,6.835,6.84284
1560938640000,2019-06-19 18:04:00,5249.3916223914,6.8372,6.8414,6.8346,6.8402,6.84696
1560938580000,2019-06-19 18:03:00,123.51391299999999,6.8414,6.8472,6.8414,6.8472,6.850759999999999
1560938520000,2019-06-19 18:02:00,287.05,6.8499,6.8506,6.8499,6.8506,6.85448
1560938460000,2019-06-19 18:01:00,177.46,6.8506,6.8506,6.8505,6.8505,6.85656
1560938400000,2019-06-19 18:00:00,238.8968699212,6.8557,6.86,6.8557,6.86,6.8592200000000005
1560938340000,2019-06-19 17:59:00,177.44203541,6.8562,6.86,6.8559,6.86,6.860860000000001
1560938280000,2019-06-19 17:58:00,970.243,6.86,6.86,6.8561,6.86,6.862400000000001
1560938220000,2019-06-19 17:57:00,13.020901915,6.8603,6.8639,6.857,6.8639,6.861140000000001
1560938160000,2019-06-19 17:56:00,2.0,6.8639,6.8639,6.8639,6.8639,6.859999999999999
1560938100000,2019-06-19 17:55:00,2.0,6.8639,6.8639,6.8639,6.8639,6.858639999999999
1560938040000,2019-06-19 17:54:00,342.08931192,6.8639,6.8639,6.8537,6.8537,6.859699999999999
1560937980000,2019-06-19 17:53:00,74.657776,6.8537,6.8546,6.8503,6.8546,6.860759999999999
1560937920000,2019-06-19 17:52:00,1189.61563016,6.8546,6.8607,6.8546,6.8571,6.862779999980001
1560937860000,2019-06-19 17:51:00,595.66446984,6.8571,6.8708,6.8571,6.8692,6.86289999998
1560937800000,2019-06-19 17:50:00,295.552,6.8692,6.8699,6.8692,6.8692,6.86405999998
1560937740000,2019-06-19 17:49:00,113.503207075,6.8692,6.8692,6.8633,6.8637999999,6.860619999980001
1560937680000,2019-06-19 17:48:00,2.0,6.8637999999,6.8637999999,6.862,6.862,6.8554399999800015
1560937620000,2019-06-19 17:47:00,1333.6991890000002,6.8552,6.867000000000001,6.8547,6.8629,6.8512
1560937560000,2019-06-19 17:46:00,302.661618825,6.8629,6.8698,6.8578,6.8578,6.84916
1560937500000,2019-06-19 17:45:00,1162.678,6.852,6.852,6.847,6.847,6.84504
1560937440000,2019-06-19 17:44:00,201.78829,6.8433,6.85,6.8414,6.8420000000000005,6.84426
1560937380000,2019-06-19 17:43:00,618.21320845,6.8426,6.8519,6.8426,6.8463,6.84542
1560937320000,2019-06-19 17:42:00,1451.017907,6.845,6.852,6.8425,6.8425,6.84824
1560937260000,2019-06-19 17:41:00,754.91453859,6.8423,6.848,6.8420000000000005,6.848,6.852259999999999
1560937200000,2019-06-19 17:40:00,573.204496,6.8481,6.8492,6.848,6.8491,6.858
1560937140000,2019-06-19 17:39:00,21.3297,6.8491,6.8491,6.8491,6.8491,6.86262
1560937080000,2019-06-19 17:38:00,1634.42,6.8567,6.8651,6.8567,6.8651,6.864999999999999
1560937020000,2019-06-19 17:37:00,213.46200000000002,6.8651,6.8699,6.8651,6.8651,6.86506
1560936960000,2019-06-19 17:36:00,1.0,6.871,6.871,6.871,6.871,6.861840000000001
1560936900000,2019-06-19 17:35:00,24.695999999999998,6.8712,6.8713,6.858,6.861000000000001,6.857640000000001
1560936840000,2019-06-19 17:34:00,587.259,6.861000000000001,6.861000000000001,6.857,6.857,6.854820000000001
1560936780000,2019-06-19 17:33:00,125.4508,6.857,6.8571,6.8501,6.8501,6.854820000000001
1560936720000,2019-06-19 17:32:00,690.123956725,6.849,6.8501,6.849,6.849,6.855460000000001
1560936660000,2019-06-19 17:31:00,1499.6329999999998,6.85,6.8571,6.85,6.8571,6.85992
1560936600000,2019-06-19 17:30:00,6487.159022999999,6.8571,6.8636,6.8571,6.861000000000001,6.861959999999999
1560936540000,2019-06-19 17:29:00,1191.745,6.861000000000001,6.8646,6.861000000000001,6.8646,6.862539999999998
1560936480000,2019-06-19 17:28:00,1224.233577,6.8602,6.8713,6.8602,6.8713,6.862899999999999
1560936420000,2019-06-19 17:27:00,1232.844829,6.8713,6.8713,6.8602,6.8602,6.863539999999999
1560936360000,2019-06-19 17:26:00,1363.464074,6.8602,6.87,6.86,6.86,6.862079999999999
1560936300000,2019-06-19 17:25:00,723.672,6.86,6.8614,6.86,6.8601,6.862319999999999
1560936240000,2019-06-19 17:24:00,48.0202,6.8628,6.8634,6.8628,6.8634,6.863719999999998
1560936180000,2019-06-19 17:23:00,1731.3801,6.8634,6.865,6.86,6.8641,6.862639999999997
1560936120000,2019-06-19 17:22:00,357.16494892,6.864,6.865,6.8604,6.8616,6.8599799999999975
1560936060000,2019-06-19 17:21:00,401.24,6.8614,6.867000000000001,6.86,6.867000000000001,6.858799999999998
1560936000000,2019-06-19 17:20:00,247.101,6.867000000000001,6.867000000000001,6.8574,6.8574,6.858159999999998
1560935940000,2019-06-19 17:19:00,937.094835785,6.8574,6.8574,6.8501,6.8501,6.857039999999998
1560935880000,2019-06-19 17:18:00,1171.105,6.8501,6.8581,6.8501,6.8581,6.858999999999997
1560935820000,2019-06-19 17:17:00,1385.695835,6.8581,6.8582,6.857,6.8582,6.861859999999998
1560935760000,2019-06-19 17:16:00,2280.1002,6.8582,6.8614,6.8582,6.8614,6.868819999999998
1560935700000,2019-06-19 17:15:00,851.003523855,6.8614,6.8644,6.858,6.8644,6.875779999999997
1560935640000,2019-06-19 17:14:00,1720.99399999,6.8672,6.8702,6.8644,6.8644,6.883739999999998
1560935580000,2019-06-19 17:13:00,17121.91595902,6.8644,6.893,6.8644,6.893,6.890539999999999
1560935520000,2019-06-19 17:12:00,1546.37162352,6.8929,6.893,6.892,6.8924,6.8978399999999995
1560935460000,2019-06-19 17:11:00,969.50067648,6.893,6.9009,6.8921,6.9009,6.899420000000001
1560935400000,2019-06-19 17:10:00,4671.154979235,6.9012,6.9067,6.9012,6.9013,6.90082
1560935340000,2019-06-19 17:09:00,1552.887278765,6.9012,6.9012,6.901,6.901,6.9006799999999995
1560935280000,2019-06-19 17:08:00,201.0,6.9009,6.901,6.9008,6.9008,6.900519999999998
1560935220000,2019-06-19 17:07:00,3547.835595985,6.9008,6.9008,6.9,6.9,6.900339999999998
1560935160000,2019-06-19 17:06:00,1065.871845265,6.9,6.9005,6.9,6.9005,6.900179999999997
1560935100000,2019-06-19 17:05:00,35.37,6.9005,6.9005,6.9005,6.9005,6.901079999999998
1560935040000,2019-06-19 17:04:00,491.39059175,6.9004,6.9004,6.9,6.9,6.900979999999997
1560934980000,2019-06-19 17:03:00,561.618528,6.9,6.9,6.9,6.9,6.898939999999998
1560934920000,2019-06-19 17:02:00,175.5196995,6.9,6.9045,6.9,6.9045,6.896959999999997
1560934860000,2019-06-19 17:01:00,14.2978405,6.9045,6.9114,6.9,6.9,6.898819999999998
1560934800000,2019-06-19 17:00:00,242.40800099999998,6.9,6.9,6.893,6.893,6.9000999999999975
1560934740000,2019-06-19 16:59:00,3565.2833964,6.8902,6.8983,6.89,6.8902,6.902399999999998
1560934680000,2019-06-19 16:58:00,1150.763895305,6.8901,6.9042,6.8901,6.903,6.9058199999999985
1560934620000,2019-06-19 16:57:00,1492.9779999999998,6.9093,6.9109,6.903,6.91,6.909259999999998
1560934560000,2019-06-19 16:56:00,605.428,6.9109,6.9113,6.9073,6.9113,6.909339999999998
1560934500000,2019-06-19 16:55:00,303.053537955,6.9115,6.9119,6.9073,6.9073,6.909399999999998
1560934440000,2019-06-19 16:54:00,2.0,6.9073,6.9073,6.9073,6.9073,6.909039999999999
1560934380000,2019-06-19 16:53:00,2102.806724115,6.9073,6.9098,6.9073,6.9097,6.910099999999998
1560934320000,2019-06-19 16:52:00,6498.118,6.9097,6.9141,6.9097,6.9112,6.910239999999999
1560934260000,2019-06-19 16:51:00,618.366,6.9112,6.9139,6.9098,6.9098,6.911139999999999
1560934200000,2019-06-19 16:50:00,1668.49515929,6.9097,6.9142,6.9097,6.9126,6.909299999999999
1560934140000,2019-06-19 16:49:00,1587.3201960000001,6.9126,6.9126,6.9079999999999995,6.9079999999999995,6.907759999999999
1560934080000,2019-06-19 16:48:00,307.84918191,6.9079999999999995,6.9079999999999995,6.9072,6.9072,6.90564
1560934020000,2019-06-19 16:47:00,1461.72,6.9142,6.9157,6.9142,6.9142,6.904439999999999
1560933960000,2019-06-19 16:46:00,0.0,6.902,6.902,6.902,6.902,6.901599999999999
1560933900000,2019-06-19 16:45:00,3472.29196005,6.902,6.9061,6.902,6.902,6.902219999999998
1560933840000,2019-06-19 16:44:00,1254.4176,6.902,6.903,6.902,6.902,6.902819999999998
1560933780000,2019-06-19 16:43:00,1193.1165429999999,6.902,6.902,6.901,6.901,6.902419999999998
1560933720000,2019-06-19 16:42:00,1437.997797,6.9,6.9051,6.8996,6.9051,6.902039999999998
1560933660000,2019-06-19 16:41:00,1611.9659800000002,6.9051,6.9082,6.905,6.905,6.902039999999998
1560933600000,2019-06-19 16:40:00,4191.71635378,6.905,6.905,6.9,6.9032,6.901979999999999
1560933540000,2019-06-19 16:39:00,2498.255486,6.9,6.9012,6.9,6.9002,6.903839999999998
1560933480000,2019-06-19 16:38:00,1142.1895,6.9001,6.9041,6.9,6.9,6.906939999999999
1560933420000,2019-06-19 16:37:00,4207.26097203,6.9,6.9048,6.9,6.9048,6.908959999999998
1560933360000,2019-06-19 16:36:00,3547.21153752,6.9048,6.9143,6.9048,6.9143,6.910959999999998
1560933300000,2019-06-19 16:35:00,1519.553231165,6.9143,6.9163,6.9114,6.9155,6.912019999999998
1560933240000,2019-06-19 16:34:00,633.8801,6.9155,6.9155,6.9103,6.9103,6.911239999999999
1560933180000,2019-06-19 16:33:00,8982.344659999999,6.9102,6.9155,6.8991,6.91,6.910179999999999
1560933120000,2019-06-19 16:32:00,4557.593086095,6.91,6.9101,6.9041,6.9101,6.910159999999999
1560933060000,2019-06-19 16:31:00,576.664113155,6.9101,6.9104,6.9101,6.9104,6.912319999999999
1560933000000,2019-06-19 16:30:00,2044.635886845,6.9104,6.9104,6.9101,6.9102,6.915899999999999
1560932940000,2019-06-19 16:29:00,402.82800000000003,6.9102,6.9169,6.9102,6.9169,6.919239999999999
1560932880000,2019-06-19 16:28:00,2301.965166625,6.9101,6.9258,6.9101,6.9258,6.92304
1560932820000,2019-06-19 16:27:00,2554.155696025,6.9208,6.928,6.9208,6.928,6.92788
1560932760000,2019-06-19 16:26:00,1155.6298,6.928,6.928,6.9271,6.9271,6.931620000000001
1560932700000,2019-06-19 16:25:00,1609.45845542,6.9271,6.9312,6.9271,6.9292,6.932480000000001
1560932640000,2019-06-19 16:24:00,612.897199,6.9292,6.9333,6.9292,6.9333,6.932480000000001
1560932580000,2019-06-19 16:23:00,1763.7615,6.9343,6.9395,6.9343,6.9395,6.933960000000001
1560932520000,2019-06-19 16:22:00,1286.921915825,6.9395,6.9397,6.9323,6.9323,6.93716
1560932460000,2019-06-19 16:21:00,258.81,6.9323,6.9323,6.9283,6.9283,6.93858
1560932400000,2019-06-19 16:20:00,674.543,6.9271,6.9366,6.9271,6.9366,6.938720000000001
1560932340000,2019-06-19 16:19:00,8756.40133101,6.9366,6.9497,6.9358,6.9496,6.938899999999999
1560932280000,2019-06-19 16:18:00,7817.54966799,6.9503,6.9517,6.9417,6.9466,6.935980000000001
1560932220000,2019-06-19 16:17:00,2223.09828479,6.9466,6.9466,6.9306,6.933,6.930160000000001
1560932160000,2019-06-19 16:16:00,104.956304,6.933,6.933,6.928,6.928,6.925
1560932100000,2019-06-19 16:15:00,2038.294196,6.928,6.9287,6.9208,6.922000000000001,6.92254
1560932040000,2019-06-19 16:14:00,2883.64888705,6.922000000000001,6.9286,6.9209,6.9212,6.92478
1560931980000,2019-06-19 16:13:00,360.0586,6.9212,6.928,6.9208,6.9208,6.927379999999999
1560931920000,2019-06-19 16:12:00,825.8337650000001,6.9208,6.9225,6.9207,6.9207,6.93082
1560931860000,2019-06-19 16:11:00,762.216265095,6.9207,6.9323,6.9207,6.9323,6.934659999999999
1560931800000,2019-06-19 16:10:00,623.9069999999999,6.9392,6.9392,6.9304,6.935,6.939939999999998
1560931740000,2019-06-19 16:09:00,624.6062012995,6.935,6.9384,6.935,6.9384,6.944959999999999
1560931680000,2019-06-19 16:08:00,1051.0321099999999,6.9384,6.9393,6.9352,6.9352,6.950759999999998
1560931620000,2019-06-19 16:07:00,13472.0421,6.94,6.9571,6.9352,6.9471,6.954839999999999
1560931560000,2019-06-19 16:06:00,7498.36774344,6.9471,6.9643,6.9438,6.9643,6.959359999999999
1560931500000,2019-06-19 16:05:00,8632.15258859,6.9643,6.9644,6.957999999999999,6.9637,6.96104
1560931440000,2019-06-19 16:04:00,1512.998756,6.9639999999999995,6.9642,6.9588,6.9588,6.957719999999999
1560931380000,2019-06-19 16:03:00,1573.003244,6.9588,6.9694,6.957000000000001,6.9626,6.953559999999999
1560931320000,2019-06-19 16:02:00,2913.93926892,6.9626,6.9696,6.9555,6.9555,6.950399999999999
1560931260000,2019-06-19 16:01:00,3598.277595345,6.9555,6.9556,6.9477,6.9477,6.946419999999999
1560931200000,2019-06-19 16:00:00,2632.86012999,6.9477,6.9479999999999995,6.9402,6.9432,6.943599999999999
1560931140000,2019-06-19 15:59:00,2165.553,6.9432,6.9432,6.9427,6.9431,6.938339999999999
1560931080000,2019-06-19 15:58:00,1273.672885,6.943,6.9431,6.9402,6.9427,6.9337
1560931020000,2019-06-19 15:57:00,5136.965,6.9427,6.95,6.9371,6.9414,6.9290400000000005
1560930960000,2019-06-19 15:56:00,8187.980121155,6.9414,6.9414,6.9214,6.9214,6.9235
1560930900000,2019-06-19 15:55:00,4113.53605,6.9214,6.9214,6.9196,6.9197,6.9168199999999995
1560930840000,2019-06-19 15:54:00,430.243232415,6.92,6.92,6.9163,6.9197,6.91396
1560930780000,2019-06-19 15:53:00,1698.72317595,6.9197,6.92,6.9163,6.9163,6.911879999999999
1560930720000,2019-06-19 15:52:00,6989.54149822,6.915,6.915,6.9079999999999995,6.9079999999999995,6.90916
1560930660000,2019-06-19 15:51:00,12283.390213695,6.9079999999999995,6.91,6.9061,6.9071,6.90616
1560930600000,2019-06-19 15:50:00,1041.8233400000001,6.9071,6.9094,6.9061,6.9094,6.9033
1560930540000,2019-06-19 15:49:00,586.44722109,6.9096,6.9096,6.9061,6.9061,6.9015
1560930480000,2019-06-19 15:48:00,468.22104608,6.9061,6.9061,6.9,6.9001,6.89932
1560930420000,2019-06-19 15:47:00,746.098568,6.9,6.9,6.8937,6.8937,6.897119999999999
1560930360000,2019-06-19 15:46:00,145.582709745,6.8937,6.8979,6.8937,6.8977,6.89614
1560930300000,2019-06-19 15:45:00,209.737,6.8981,6.8983,6.8981,6.8983,6.89542
1560930240000,2019-06-19 15:44:00,170.42454196,6.8987,6.8997,6.8911,6.8951,6.893800000000001
1560930180000,2019-06-19 15:43:00,571.271,6.8951,6.9,6.8951,6.9,6.892060000000001
1560930120000,2019-06-19 15:42:00,1109.387,6.8951,6.899,6.8951,6.8953,6.891040000000001
1560930060000,2019-06-19 15:41:00,249.572337555,6.8901,6.893,6.8901,6.8917,6.890020000000002
1560930000000,2019-06-19 15:40:00,1448.176366,6.89,6.8919,6.89,6.8919,6.890100000000001
1560929940000,2019-06-19 15:39:00,2059.573,6.89,6.8919,6.89,6.89,6.89016
1560929880000,2019-06-19 15:38:00,602.466001185,6.89,6.8919,6.89,6.89,6.889100000000001
1560929820000,2019-06-19 15:37:00,4729.207,6.89,6.8909,6.8857,6.8905,6.88788
1560929760000,2019-06-19 15:36:00,3936.3200545938003,6.8905,6.8914,6.8903,6.8903,6.8860399999999995
1560929700000,2019-06-19 15:35:00,44.49,6.8903,6.8952,6.8903,6.8952,6.88608
1560929640000,2019-06-19 15:34:00,743.3439,6.8847,6.8944,6.8839,6.8897,6.886939999999998
1560929580000,2019-06-19 15:33:00,180.74158539389998,6.8839,6.8839999999999995,6.8809,6.8809,6.889779999999997
1560929520000,2019-06-19 15:32:00,1977.36529999,6.8808,6.8814,6.8808,6.8814,6.8927799999999975
1560929460000,2019-06-19 15:31:00,4504.50108,6.8907,6.8988,6.8808,6.8946,6.895379999999998
1560929400000,2019-06-19 15:30:00,14909.504388130501,6.8946,6.9008,6.8946,6.8989,6.896079999999996
1560929340000,2019-06-19 15:29:00,10419.795688,6.8989,6.901,6.8989,6.899,6.897159999999997
1560929280000,2019-06-19 15:28:00,1036.9021060795,6.8989,6.899,6.8966,6.8988,6.897899999999997
1560929220000,2019-06-19 15:27:00,862.0014699999999,6.8938,6.8993,6.8888,6.8938,6.898139999999998
1560929160000,2019-06-19 15:26:00,13900.384685595,6.8942,6.9029,6.8938,6.9,6.899379999999998
1560929100000,2019-06-19 15:25:00,61474.41828107,6.9,6.9028,6.9,6.9028,6.893379999999999
1560929040000,2019-06-19 15:24:00,13439.38355262,6.9026,6.9052,6.9001,6.9001,6.88652
1560928980000,2019-06-19 15:23:00,7543.358012545,6.9001,6.906000000000001,6.9,6.9,6.879560000000001
1560928920000,2019-06-19 15:22:00,18007.56027108,6.9,6.9,6.87,6.87,6.8723399999999994
1560928860000,2019-06-19 15:21:00,289.753079535,6.8642,6.8725,6.8614,6.8657,6.86134
1560928800000,2019-06-19 15:20:00,5771.2409,6.8657,6.8714,6.861000000000001,6.8678,6.857499999999999
1560928740000,2019-06-19 15:19:00,1443.964,6.8678,6.87,6.86,6.8647,6.853199999999998
1560928680000,2019-06-19 15:18:00,9020.367419485,6.864,6.864,6.8432,6.845,6.846679999999997
1560928620000,2019-06-19 15:17:00,451.9417,6.845,6.8457,6.8431,6.845,6.839879999999998
1560928560000,2019-06-19 15:16:00,713.54243343,6.845,6.8457,6.8401,6.8403,6.837119999999999
1560928500000,2019-06-19 15:15:00,838.8121,6.8442,6.8442,6.8342,6.8352,6.835159999999999
1560928440000,2019-06-19 15:14:00,230.16229622,6.8352,6.8352,6.8293,6.83,6.832339999999999
1560928380000,2019-06-19 15:13:00,4282.34790942,6.83,6.8348,6.83,6.8312,6.8315399999999995
1560928320000,2019-06-19 15:12:00,1558.268357,6.8312,6.8352,6.8312,6.8349,6.83202
1560928260000,2019-06-19 15:11:00,903.611257,6.8352,6.8352,6.8301,6.8301,6.832759999999999
1560928200000,2019-06-19 15:10:00,815.36009058,6.8301,6.8312,6.8301,6.8312,6.831919999999999
1560928140000,2019-06-19 15:09:00,855.584,6.8312,6.8352,6.8305,6.8324,6.832999999999998
1560928080000,2019-06-19 15:08:00,1719.3339999999998,6.8324,6.8355,6.8324,6.8349,6.833859999999997
1560928020000,2019-06-19 15:07:00,213.00174750000002,6.8349,6.8349,6.8324,6.8324,6.834019999999997
1560927960000,2019-06-19 15:06:00,370.14477675,6.831,6.8355,6.831,6.8355,6.8333999999999975
1560927900000,2019-06-19 15:05:00,339.75722325,6.8355,6.8355,6.8306,6.8355,6.834319999999996
1560927840000,2019-06-19 15:04:00,440.879,6.8355,6.8356,6.8347,6.8347,6.833739999999997
1560927780000,2019-06-19 15:03:00,2.0,6.8332,6.8332,6.8318,6.8318,6.833959999999996
1560927720000,2019-06-19 15:02:00,3.575485755,6.8318,6.8356,6.8318,6.8356,6.835019999999996
1560927660000,2019-06-19 15:01:00,500.62709400000006,6.8356,6.8356,6.8326,6.8326,6.837139999999995
1560927600000,2019-06-19 15:00:00,201.32299999999998,6.8326,6.8366,6.8326,6.8366,6.838259999999996
1560927540000,2019-06-19 14:59:00,519.747449365,6.8366,6.8389999999999995,6.8366,6.8385,6.8400199999999955
1560927480000,2019-06-19 14:58:00,2474.428607945,6.8385,6.8442,6.8385,6.8424,6.841179999999996
1560927420000,2019-06-19 14:57:00,108.402339055,6.8424,6.8424,6.8411,6.8412,6.841279999999995
1560927360000,2019-06-19 14:56:00,762.347,6.8412,6.8414,6.8412,6.8414,6.840799999999996
1560927300000,2019-06-19 14:55:00,744.672,6.8414,6.8424,6.8414,6.8424,6.840459999999996
1560927240000,2019-06-19 14:54:00,7923.788208305,6.8424,6.8424,6.8389999999999995,6.8389999999999995,6.840099999999995
1560927180000,2019-06-19 14:53:00,62.312,6.8389999999999995,6.84,6.8389999999999995,6.84,6.8394799999999965
1560927120000,2019-06-19 14:52:00,52.0,6.84,6.84,6.8394,6.8395,6.838999999999996
1560927060000,2019-06-19 14:51:00,1286.3842,6.8395,6.84,6.8385,6.8396,6.838319999999996
1560927000000,2019-06-19 14:50:00,160.269,6.8396,6.8396,6.8393,6.8393,6.837739999999995
1560926940000,2019-06-19 14:49:00,1312.80923579,6.8393,6.8393,6.8366,6.8367,6.837139999999995
1560926880000,2019-06-19 14:48:00,235.412562555,6.8366,6.8366,6.8366,6.8366,6.8365999999999945
1560926820000,2019-06-19 14:47:00,102.0,6.8366,6.8366,6.8366,6.8366,6.836139999999995
1560926760000,2019-06-19 14:46:00,458.35,6.8366,6.8366,6.8296,6.8366,6.834819999999995
1560926700000,2019-06-19 14:45:00,104.9628,6.8366,6.8366,6.8365,6.8365,6.832879999999996
1560926640000,2019-06-19 14:44:00,505.107439915,6.8366,6.8366,6.8344,6.8344,6.831539999999997
1560926580000,2019-06-19 14:43:00,765.9139,6.8343,6.8366,6.83,6.83,6.8295999999999975
1560926520000,2019-06-19 14:42:00,461.9671,6.83,6.83,6.8269,6.8269,6.828419999999999
1560926460000,2019-06-19 14:41:00,6.112103475,6.8269,6.8299,6.8269,6.8299,6.827799999999999
1560926400000,2019-06-19 14:40:00,36.792,6.8299,6.8299,6.8269,6.8269,6.827799999999999
1560926340000,2019-06-19 14:39:00,420.98400000000004,6.8269,6.83,6.8269,6.83,6.8271999999999995
1560926280000,2019-06-19 14:38:00,747.99365298,6.8284,6.8357,6.8269,6.8269,6.8271799999999985
1560926220000,2019-06-19 14:37:00,0.0,6.8269,6.8269,6.8269,6.8269,6.826859999999998
1560926160000,2019-06-19 14:36:00,1.0,6.8269,6.8269,6.8269,6.8269,6.827939999999996
1560926100000,2019-06-19 14:35:00,12.16448615,6.8269,6.8269,6.8268,6.8268,6.828559999999996
1560926040000,2019-06-19 14:34:00,1906.4640219999999,6.8268,6.8323,6.8258,6.8267,6.829759999999996
1560925980000,2019-06-19 14:33:00,5844.22459,6.8268,6.834,6.8268,6.8323,6.830979999999997
1560925920000,2019-06-19 14:32:00,205.7174,6.8323,6.8323,6.83,6.83,6.832199999999998
1560925860000,2019-06-19 14:31:00,995.14711239,6.83,6.832999999999999,6.83,6.8329,6.832319999999998
1560925800000,2019-06-19 14:30:00,2684.889261695,6.8329,6.8341,6.8329,6.8329,6.833139999999998
1560925740000,2019-06-19 14:29:00,621.0049849999999,6.8329,6.8342,6.8329,6.8341,6.833139999999998
1560925680000,2019-06-19 14:28:00,420.703904,6.8329,6.832999999999999,6.8329,6.832999999999999,6.833079999999998
1560925620000,2019-06-19 14:27:00,845.66511876,6.8329,6.8342,6.8329,6.8341,6.8342199999999975
1560925560000,2019-06-19 14:26:00,202.811498,6.8341,6.8341,6.8329,6.8329,6.834159999999997
1560925500000,2019-06-19 14:25:00,89.28267199999999,6.8329,6.8329,6.8327,6.8327,6.833759999999996
1560925440000,2019-06-19 14:24:00,696.400848205,6.8326,6.8386,6.8326,6.8386,6.833359999999996
1560925380000,2019-06-19 14:23:00,409.209,6.8386,6.8386,6.8385,6.8386,6.834399999999997
1560925320000,2019-06-19 14:22:00,320.118425425,6.8326,6.8386,6.8321,6.8321,6.833539999999997
1560925260000,2019-06-19 14:21:00,2.0,6.8321,6.8321,6.8309,6.8309,6.832779999999997
1560925200000,2019-06-19 14:20:00,321.10900000000004,6.8309,6.8377,6.8309,6.8377,6.832079999999998
1560925140000,2019-06-19 14:19:00,612.880410655,6.8378,6.8378,6.8316,6.8343,6.832779999999998
1560925080000,2019-06-19 14:18:00,623.7152515,6.8343,6.8343,6.8342,6.8342,6.832079999999998
1560925020000,2019-06-19 14:17:00,146.292879,6.8288,6.8288,6.8288,6.8288,6.831299999999997
1560924960000,2019-06-19 14:16:00,1.68069195,6.8286,6.8343,6.8286,6.8343,6.831059999999996
1560924900000,2019-06-19 14:15:00,353.615715195,6.8344,6.8345,6.8277,6.8342,6.830839999999997
1560924840000,2019-06-19 14:14:00,1697.0656,6.8343,6.8343,6.8343,6.8343,6.829359999999996
1560924780000,2019-06-19 14:13:00,240.717624545,6.8304,6.834,6.8277,6.834,6.828139999999996
1560924720000,2019-06-19 14:12:00,1.578189685,6.8276,6.8276,6.8276,6.8276,6.828559999999996
1560924660000,2019-06-19 14:11:00,83.03299999999999,6.8275,6.8275,6.827000000000001,6.827000000000001,6.829539999999994
1560924600000,2019-06-19 14:10:00,1044.57801,6.827000000000001,6.8292,6.8268,6.8282,6.830939999999994
1560924540000,2019-06-19 14:09:00,12.0,6.8282,6.8325,6.8282,6.8325,6.832439999999994
1560924480000,2019-06-19 14:08:00,813.01,6.8325,6.8328,6.8325,6.8328,6.834199999999994
1560924420000,2019-06-19 14:07:00,1221.267,6.8325,6.8345,6.8325,6.8345,6.833379999999994
1560924360000,2019-06-19 14:06:00,340.44,6.8345,6.835,6.8345,6.8345,6.831839999999994
1560924300000,2019-06-19 14:05:00,16.698207755,6.8345,6.8378,6.8325,6.837000000000001,6.832279999999995
1560924240000,2019-06-19 14:04:00,449.3938,6.837000000000001,6.837000000000001,6.8289,6.8291,6.831339999999995
1560924180000,2019-06-19 14:03:00,2.846091995,6.8284,6.8284,6.8281,6.8281,6.828959999999993
1560924120000,2019-06-19 14:02:00,531.77840785,6.8248,6.8367,6.8234,6.8367,6.828079999999993
1560924060000,2019-06-19 14:01:00,331.17943815,6.8367,6.8367,6.8298,6.8298,6.827919999999992
1560924000000,2019-06-19 14:00:00,439.3775688828,6.8298,6.8298,6.8238,6.8298,6.8253199999999925
1560923940000,2019-06-19 13:59:00,869.2359,6.8251,6.8251,6.824,6.824,6.824139999999993
1560923880000,2019-06-19 13:58:00,2068.0842,6.824,6.824,6.8238,6.824,6.823359999999992
1560923820000,2019-06-19 13:57:00,1543.53637854,6.824,6.824,6.8212,6.8237,6.822799999999992
1560923760000,2019-06-19 13:56:00,2.0,6.8237,6.8238,6.8237,6.8238,6.821939999999993
1560923700000,2019-06-19 13:55:00,147.86,6.8239,6.824,6.8239,6.8239,6.821119999999992
1560923640000,2019-06-19 13:54:00,1.609810155,6.8212,6.8212,6.8212,6.8212,6.821039999999992
1560923580000,2019-06-19 13:53:00,110.835,6.8212,6.824,6.8212,6.824,6.821499999999993
1560923520000,2019-06-19 13:52:00,90.965403775,6.8197,6.8197,6.8196,6.8196,6.8219599999999945
1560923460000,2019-06-19 13:51:00,1094.63554989,6.8196,6.8235,6.8196,6.8235,6.821779999999995
1560923400000,2019-06-19 13:50:00,556.2987,6.8235,6.8235,6.8235,6.8235,6.820879999999995
1560923340000,2019-06-19 13:49:00,523.01775011,6.8235,6.8243,6.8235,6.8235,6.820039999999994
1560923280000,2019-06-19 13:48:00,315.365,6.8235,6.8235,6.8192,6.8192,6.819319999999993
1560923220000,2019-06-19 13:47:00,517.1989,6.8188,6.8188,6.8152,6.8152,6.818559999999993
1560923160000,2019-06-19 13:46:00,362.431059345,6.8151,6.8189,6.8127,6.8189,6.817359999999992
1560923100000,2019-06-19 13:45:00,174.015,6.8193,6.8196,6.8193,6.8196,6.817439999999992
1560923040000,2019-06-19 13:44:00,764.757,6.8199,6.8216,6.8197,6.8197,6.816019999999992
1560922980000,2019-06-19 13:43:00,324.078109655,6.8197,6.8199,6.8128,6.8128,6.814479999999992
1560922920000,2019-06-19 13:42:00,16.615,6.8128,6.8156,6.8127,6.8156,6.811779999999992
1560922860000,2019-06-19 13:41:00,40.28339251,6.8155,6.821000000000001,6.8123,6.8123,6.8106599999999915
1560922800000,2019-06-19 13:40:00,2.0,6.8122,6.8122,6.8122,6.8122,6.8088999999999915
1560922740000,2019-06-19 13:39:00,655.054,6.8122,6.8122,6.81,6.81,6.8075599999999925
1560922680000,2019-06-19 13:38:00,48.76833962,6.8062,6.8072,6.8058,6.8072,6.807679999999993
1560922620000,2019-06-19 13:37:00,870.072,6.8072,6.8072,6.8055,6.8067,6.808939999999994
1560922560000,2019-06-19 13:36:00,35.55,6.8067,6.8117,6.8055,6.8055,6.809999999999993
1560922500000,2019-06-19 13:35:00,2736.346664565,6.8055,6.8129,6.8055,6.8128,6.812019999999994
1560922440000,2019-06-19 13:34:00,187.809927585,6.8128,6.8128,6.8125,6.8125,6.813419999999994
1560922380000,2019-06-19 13:33:00,2.0,6.8125,6.8125,6.8125,6.8125,6.815879999999993
1560922320000,2019-06-19 13:32:00,244.613,6.8125,6.8168,6.8117,6.8168,6.817379999999993
1560922260000,2019-06-19 13:31:00,20.534000000000002,6.8168,6.8168,6.8133,6.8133,6.818879999999993
1560922200000,2019-06-19 13:30:00,4633.4901,6.8125,6.8251,6.8117,6.8251,6.819519999999993
1560922140000,2019-06-19 13:29:00,342.337339135,6.8251,6.8251,6.82,6.82,6.821039999999994
1560922080000,2019-06-19 13:28:00,14.788486895,6.82,6.82,6.82,6.82,6.820559999999993
1560922020000,2019-06-19 13:27:00,1227.96352432,6.82,6.8216,6.82,6.82,6.821739999999993
1560921960000,2019-06-19 13:26:00,922.153817,6.82,6.8201,6.82,6.8201,6.822859999999993
1560921900000,2019-06-19 13:25:00,437.535,6.8201,6.8228,6.8201,6.8228,6.824479999999992
1560921840000,2019-06-19 13:24:00,2.898673785,6.8227,6.8251,6.8227,6.8251,6.825679999999994
1560921780000,2019-06-19 13:23:00,363.94843199999997,6.8259,6.8260000000000005,6.824,6.8242,6.827139999999995
1560921720000,2019-06-19 13:22:00,4.0,6.8256,6.8267,6.8216,6.8216,6.828039999999994
1560921660000,2019-06-19 13:21:00,329.95,6.8281,6.8286,6.8257,6.8261,6.829479999999994
1560921600000,2019-06-19 13:20:00,111.29299999999999,6.8261,6.83,6.8261,6.83,6.830939999999994
1560921540000,2019-06-19 13:19:00,283.7042,6.83,6.8304,6.83,6.8304,6.833259999999993
1560921480000,2019-06-19 13:18:00,388.8587,6.8304,6.8328,6.8304,6.8328,6.833459999999993
1560921420000,2019-06-19 13:17:00,259.8,6.8328,6.8377,6.8328,6.8354,6.8338999999999945
1560921360000,2019-06-19 13:16:00,89.565,6.8354,6.8376,6.8354,6.8376,6.834859999999995
1560921300000,2019-06-19 13:15:00,820.3681,6.8377,6.8377,6.8308,6.8308,6.833999999999994
1560921240000,2019-06-19 13:14:00,994.783288185,6.831,6.8375,6.831,6.8326,6.832919999999996
1560921180000,2019-06-19 13:13:00,45.520711815,6.8326,6.8356,6.831,6.8356,6.833019999999995
1560921120000,2019-06-19 13:12:00,3.0,6.8376,6.8376,6.8311,6.8311,6.832199999999995
1560921060000,2019-06-19 13:11:00,270.897,6.8311,6.8391,6.8311,6.8391,6.831399999999993
1560921000000,2019-06-19 13:10:00,108.882525105,6.8323,6.8323,6.8315,6.8315,6.831899999999993
1560920940000,2019-06-19 13:09:00,2.13,6.8315,6.8315,6.8285,6.8285,6.833059999999992
1560920880000,2019-06-19 13:08:00,144.999,6.8285,6.8336,6.8285,6.8336,6.830959999999992
1560920820000,2019-06-19 13:07:00,2.0,6.8336,6.8336,6.8336,6.8336,6.829399999999993
1560920760000,2019-06-19 13:06:00,188.9532,6.8336,6.8381,6.8336,6.8381,6.8268199999999934
1560920700000,2019-06-19 13:05:00,277.777742575,6.8381,6.8381,6.8236,6.8241,6.8251999999999935
1560920640000,2019-06-19 13:04:00,38.111782,6.821000000000001,6.821000000000001,6.8207,6.8207,6.822679999999994
1560920580000,2019-06-19 13:03:00,2.0,6.8207,6.8207,6.8207,6.8207,6.824119999999995
1560920520000,2019-06-19 13:02:00,213.72450598,6.8207,6.8242,6.8207,6.8242,6.825979999999994
1560920460000,2019-06-19 13:01:00,2.0,6.8255,6.8255,6.8255,6.8255,6.827839999999993
1560920400000,2019-06-19 13:00:00,208.6188184307,6.8255,6.8301,6.8255,6.8301,6.828939999999994
1560920340000,2019-06-19 12:59:00,883.68738157,6.8282,6.8302,6.8282,6.8301,6.8294399999999955
1560920280000,2019-06-19 12:58:00,0.0,6.83,6.83,6.83,6.83,6.829859999999995
1560920220000,2019-06-19 12:57:00,42.11040786,6.83,6.832999999999999,6.8264,6.831,6.828999999999995
1560920160000,2019-06-19 12:56:00,156.0699,6.831,6.831,6.8206,6.827999999999999,6.827019999999996
1560920100000,2019-06-19 12:55:00,535.602611,6.827999999999999,6.8323,6.827999999999999,6.8303,6.824839999999995
1560920040000,2019-06-19 12:54:00,2329.34163807,6.8303,6.8303,6.824,6.8257,6.8243799999999935
1560919980000,2019-06-19 12:53:00,177.028056,6.8257,6.8279,6.8242,6.8242,6.823459999999993
1560919920000,2019-06-19 12:52:00,718.4060000000001,6.8201,6.8209,6.8201,6.8209,6.823459999999993
1560919860000,2019-06-19 12:51:00,782.345349365,6.8201,6.8257,6.8201,6.8257,6.8263799999999915
1560919800000,2019-06-19 12:50:00,1075.971,6.8257,6.8272,6.8257,6.8258,6.82959999999999
1560919740000,2019-06-19 12:49:00,343.26599999999996,6.8257,6.8263,6.8257,6.8257,6.8319399999999915
1560919680000,2019-06-19 12:48:00,830.602162285,6.8257,6.8347,6.8257,6.8347,6.834799999999992
1560919620000,2019-06-19 12:47:00,336.090202185,6.8347,6.8395,6.8347,6.8395,6.836799999999994
1560919560000,2019-06-19 12:46:00,1246.22001437,6.8362,6.8399,6.8362,6.8374,6.836799999999994
1560919500000,2019-06-19 12:45:00,841.193,6.8374,6.84,6.8374,6.84,6.837059999999994
1560919440000,2019-06-19 12:44:00,934.023,6.84,6.84,6.8357,6.8357,6.837119999999993
1560919380000,2019-06-19 12:43:00,545.252569445,6.8357,6.8357,6.8347,6.8347,6.836659999999992
1560919320000,2019-06-19 12:42:00,29.277214,6.8347,6.8375,6.8347,6.8375,6.837719999999992
1560919260000,2019-06-19 12:41:00,368.19001299999996,6.8375,6.8378,6.8375,6.8377,6.839339999999993
1560919200000,2019-06-19 12:40:00,712.144987,6.8377,6.8389,6.8377,6.8377,6.840399999999993
1560919140000,2019-06-19 12:39:00,2360.67967257,6.8377,6.8448,6.8377,6.841,6.840859999999992
1560919080000,2019-06-19 12:38:00,2715.77132743,6.841,6.8428,6.841,6.8427,6.841119999999992
1560919020000,2019-06-19 12:37:00,212.808,6.8428,6.8428,6.8427,6.8428,6.840299999999992
1560918960000,2019-06-19 12:36:00,182.7986,6.8428,6.8428,6.84,6.84,6.840259999999992
1560918900000,2019-06-19 12:35:00,1096.136087715,6.84,6.8428,6.8357,6.8389999999999995,6.837759999999991
1560918840000,2019-06-19 12:34:00,122.7096,6.8389999999999995,6.84,6.8389999999999995,6.8399,6.83609999999999
1560918780000,2019-06-19 12:33:00,515.75861253,6.8369,6.8426,6.8339,6.8426,6.83489999999999
1560918720000,2019-06-19 12:32:00,620.42979215,6.8426,6.8426,6.8306,6.8306,6.83403999999999
1560918660000,2019-06-19 12:31:00,14.993,6.8303,6.8318,6.8303,6.8317,6.832099999999992
1560918600000,2019-06-19 12:30:00,344.44012493,6.8317,6.8345,6.8317,6.832999999999999,6.832019999999991
1560918540000,2019-06-19 12:29:00,2356.754,6.832999999999999,6.832999999999999,6.8262,6.8326,6.831639999999991
1560918480000,2019-06-19 12:28:00,3.0,6.8326,6.8326,6.8326,6.8326,6.8301799999999915
1560918420000,2019-06-19 12:27:00,158.639248485,6.8329,6.8329,6.8273,6.8299,6.829639999999992
1560918360000,2019-06-19 12:26:00,589.14579482,6.8299,6.8299,6.8257,6.8298,6.829259999999993
1560918300000,2019-06-19 12:25:00,1555.351,6.8298,6.8299,6.8258,6.8258,6.829759999999991
1560918240000,2019-06-19 12:24:00,677.7357302,6.8257,6.8299,6.8257,6.8299,6.829799999999992
1560918180000,2019-06-19 12:23:00,2700.988349655,6.8299,6.8314,6.8257,6.831,6.829799999999992
1560918120000,2019-06-19 12:22:00,1496.419350345,6.831,6.8324,6.831,6.8324,6.8292399999999915
1560918060000,2019-06-19 12:21:00,268.17900000000003,6.8324,6.8324,6.8324,6.8324,6.827819999999991
1560918000000,2019-06-19 12:20:00,0.8740000000000001,6.83,6.83,6.83,6.83,6.82415999999999
1560917940000,2019-06-19 12:19:00,503.12985998,6.8257,6.8292,6.8257,6.8285,6.820979999999992
1560917880000,2019-06-19 12:18:00,7852.0343060000005,6.8271,6.8271,6.8260000000000005,6.8260000000000005,6.8186599999999915
1560917820000,2019-06-19 12:17:00,207.7352,6.8239,6.8239,6.8185,6.8185,6.816939999999991
1560917760000,2019-06-19 12:16:00,477.05351374,6.8141,6.8185,6.8141,6.8141,6.816159999999991
1560917700000,2019-06-19 12:15:00,5.606101045,6.8141,6.8141,6.8141,6.8141,6.81707999999999
1560917640000,2019-06-19 12:14:00,92.01,6.8141,6.8185,6.8141,6.8185,6.817999999999989
1560917580000,2019-06-19 12:13:00,1655.45,6.8185,6.8185,6.8185,6.8185,6.818919999999989
1560917520000,2019-06-19 12:12:00,749.571,6.82,6.82,6.82,6.82,6.819019999999989
1560917460000,2019-06-19 12:11:00,3.35796259,6.8187,6.8187,6.8187,6.8187,6.81881999999999
1560917400000,2019-06-19 12:10:00,12.923100999999999,6.8187,6.8187,6.8187,6.8187,6.81887999999999
1560917340000,2019-06-19 12:09:00,426.11782477,6.8187,6.819,6.8155,6.819,6.81901999999999
1560917280000,2019-06-19 12:08:00,91.375,6.819,6.8191,6.819,6.819,6.81913999999999
1560917220000,2019-06-19 12:07:00,2943.7740000000003,6.819,6.8214,6.819,6.8202,6.8191599999999895
1560917160000,2019-06-19 12:06:00,480.57495264,6.819,6.8239,6.819,6.8194,6.8205199999999895
1560917100000,2019-06-19 12:05:00,53.7,6.8194,6.8194,6.8193,6.8193,6.8205199999999895
1560917040000,2019-06-19 12:04:00,225.343,6.8193,6.8201,6.8192,6.8192,6.821059999999989
1560916980000,2019-06-19 12:03:00,2.53587728,6.8191,6.8258,6.8191,6.8258,6.821199999999989
1560916920000,2019-06-19 12:02:00,249.782,6.8258,6.8258,6.819,6.819,6.82031999999999
1560916860000,2019-06-19 12:01:00,2.72160222,6.819,6.8221,6.819,6.819,6.81745999999999
1560916800000,2019-06-19 12:00:00,166.1987686895,6.8221,6.8255,6.822,6.822,6.813659999999989
1560916740000,2019-06-19 11:59:00,2.0,6.82,6.82,6.8147,6.8147,6.810599999999989
1560916680000,2019-06-19 11:58:00,6.41506782,6.8147,6.8157999999,6.8115,6.8115,6.80889999999999
1560916620000,2019-06-19 11:57:00,13.85944396,6.8115,6.8115,6.8,6.8,6.808999999999989
1560916560000,2019-06-19 11:56:00,7223.354,6.8,6.8068,6.8,6.8068,6.809719999999989
1560916500000,2019-06-19 11:55:00,7869.466217075,6.8068,6.8115,6.8027,6.8115,6.81257999999999
1560916440000,2019-06-19 11:54:00,231.09099999999998,6.8115,6.8188,6.8115,6.8152,6.81475999999999
1560916380000,2019-06-19 11:53:00,1072.90295314,6.8152,6.8152,6.8108,6.8151,6.81619999999999
1560916320000,2019-06-19 11:52:00,226.1952518668,6.8151,6.8222,6.8151,6.8222,6.81783999999999
1560916260000,2019-06-19 11:51:00,1398.567123,6.8143,6.8258,6.8143,6.8177,6.82015999999999
1560916200000,2019-06-19 11:50:00,130.93301561,6.8177,6.8187,6.8157,6.8187,6.82259999999999
1560916140000,2019-06-19 11:49:00,829.962,6.8187,6.8233,6.8163,6.8233,6.82439999999999
1560916080000,2019-06-19 11:48:00,328.329611935,6.8234,6.8267,6.8234,6.8267,6.825999999999991
1560916020000,2019-06-19 11:47:00,71.77541516,6.8267,6.8267,6.8260000000000005,6.8265,6.82715999999999
1560915960000,2019-06-19 11:46:00,419.404482675,6.8265,6.8267,6.8265,6.8267,6.82765999999999
1560915900000,2019-06-19 11:45:00,110.29188,6.8267,6.8267,6.8267,6.8267,6.82765999999999
1560915840000,2019-06-19 11:44:00,2.933637325,6.8267,6.8292,6.8267,6.8292,6.82763999999999
1560915780000,2019-06-19 11:43:00,2.0,6.8292,6.8292,6.8292,6.8292,6.828139999999989
1560915720000,2019-06-19 11:42:00,624.587,6.8292,6.8292,6.8265,6.8265,6.828999999999989
1560915660000,2019-06-19 11:41:00,331.794972905,6.8265,6.8266,6.8265,6.8266,6.82935999999999
1560915600000,2019-06-19 11:40:00,195.36900000000003,6.8266,6.8292,6.8266,6.8292,6.83025999999999
1560915540000,2019-06-19 11:39:00,432.76382616,6.8292,6.8292,6.8265,6.8292,6.83163999999999
1560915480000,2019-06-19 11:38:00,2.292,6.8335,6.8335,6.831,6.831,6.832499999999991
1560915420000,2019-06-19 11:37:00,114.775296535,6.831,6.8339,6.831,6.8339,6.832499999999991
1560915360000,2019-06-19 11:36:00,404.639199465,6.831,6.8335,6.831,6.8335,6.83427999999999
1560915300000,2019-06-19 11:35:00,59.615,6.8335,6.8335,6.8335,6.8335,6.833379999999989
1560915240000,2019-06-19 11:34:00,2.0,6.8335,6.8335,6.8335,6.8335,6.83115999999999
1560915180000,2019-06-19 11:33:00,2002.0,6.8335,6.8439,6.8335,6.8395,6.8297599999999905
1560915120000,2019-06-19 11:32:00,2260.152,6.8399,6.84,6.8265,6.8265,6.82853999999999
1560915060000,2019-06-19 11:31:00,103.70006296,6.8265,6.8265,6.8226,6.8229999999999995,6.824919999999989
1560915000000,2019-06-19 11:30:00,22.822,6.8224,6.8265,6.8218,6.8265,6.823979999999987
1560914940000,2019-06-19 11:29:00,2.0,6.8265,6.8273,6.8265,6.8273,6.825199999999986
1560914880000,2019-06-19 11:28:00,79.87549270000001,6.8274,6.8275,6.8218,6.8218,6.827039999999987
1560914820000,2019-06-19 11:27:00,81.95501800000001,6.8218,6.8218,6.8218,6.8218,6.828699999999988
1560914760000,2019-06-19 11:26:00,424.6045,6.8218,6.8285,6.8218,6.8285,6.831499999999989
1560914700000,2019-06-19 11:25:00,3013.589082835,6.8285,6.8358,6.8285,6.8358,6.8339399999999895
1560914640000,2019-06-19 11:24:00,136.469708,6.8357,6.8357,6.8357,6.8357,6.834319999999989
1560914580000,2019-06-19 11:23:00,437.67402335,6.8357,6.8357,6.834,6.8357,6.833259999999989
1560914520000,2019-06-19 11:22:00,680.7869999999999,6.8358,6.8358,6.8358,6.8358,6.832179999999989
1560914460000,2019-06-19 11:21:00,42.0,6.834,6.834,6.834,6.834,6.831099999999988
1560914400000,2019-06-19 11:20:00,188.862591815,6.8304,6.8304,6.8304,6.8304,6.830379999999988
1560914340000,2019-06-19 11:19:00,87.51759399999999,6.8304,6.8304,6.8303,6.8303,6.830459999999988
1560914280000,2019-06-19 11:18:00,17.38,6.8303,6.8304,6.8303,6.8304,6.830539999999988
1560914220000,2019-06-19 11:17:00,77.503953405,6.8304,6.8307,6.8304,6.8307,6.8306599999999875
1560914160000,2019-06-19 11:16:00,484.280934,6.8304,6.8309,6.8304,6.8308,6.830759999999988
1560914100000,2019-06-19 11:15:00,486.32854299999997,6.8308,6.8309,6.8308,6.8309,6.83083999999999
1560914040000,2019-06-19 11:14:00,51.09856578,6.8308,6.8339,6.8308,6.8339,6.832499999999991
1560913980000,2019-06-19 11:13:00,2.0,6.8309,6.8309,6.8309,6.8309,6.83247999999999
1560913920000,2019-06-19 11:12:00,399.163019815,6.8309,6.8314,6.8308,6.8314,6.832379999999989
1560913860000,2019-06-19 11:11:00,71.983,6.8308,6.84,6.8308,6.84,6.832239999999989
1560913800000,2019-06-19 11:10:00,129.309,6.8391,6.8391,6.8307,6.8307,6.831879999999989
1560913740000,2019-06-19 11:09:00,193.509198,6.8307,6.8396,6.8304,6.8304,6.830779999999988
1560913680000,2019-06-19 11:08:00,22.0,6.8304,6.8304,6.8302,6.8302,6.8343399999999885
1560913620000,2019-06-19 11:07:00,188.520252,6.8302,6.8302,6.829,6.829,6.836319999999989
1560913560000,2019-06-19 11:06:00,581.02,6.829,6.8414,6.829,6.8336,6.8388199999999895
1560913500000,2019-06-19 11:05:00,643.855,6.8336,6.8485,6.8336,6.8484,6.84291999999999
1560913440000,2019-06-19 11:04:00,1273.64002163,6.8485,6.8494,6.832999999999999,6.8399,6.846199999999991
1560913380000,2019-06-19 11:03:00,4540.530283,6.8403,6.8427,6.8329,6.8427,6.84255999999999
1560913320000,2019-06-19 11:02:00,91.98100000000001,6.8427,6.8495,6.8427,6.8495,6.839239999999991
1560913260000,2019-06-19 11:01:00,1121.465,6.8495,6.85,6.8424,6.85,6.83541999999999
1560913200000,2019-06-19 11:00:00,9431.79628848,6.85,6.8513,6.836,6.836,6.830239999999991
1560913140000,2019-06-19 10:59:00,466.047458585,6.8303,6.8303,6.8236,6.8236,6.82615999999999
1560913080000,2019-06-19 10:58:00,102.91,6.8237,6.8237,6.8237,6.8237,6.8262199999999895
1560913020000,2019-06-19 10:57:00,2.0,6.8236,6.8236,6.8236,6.8236,6.825479999999989
1560912960000,2019-06-19 10:56:00,145.90364171,6.8236,6.8236,6.8236,6.8236,6.820459999999988
1560912900000,2019-06-19 10:55:00,255.738,6.8296,6.84,6.8271,6.8306,6.816019999999989
1560912840000,2019-06-19 10:54:00,2171.68723879,6.8306,6.8306,6.82,6.82,6.808539999999989
1560912780000,2019-06-19 10:53:00,722.068952715,6.82,6.82,6.7991,6.7991,6.80267999999999
1560912720000,2019-06-19 10:52:00,762.24825,6.7985,6.8014,6.7984,6.8014,6.797539999999989
1560912660000,2019-06-19 10:51:00,291.635,6.8014,6.8014,6.7922,6.7922,6.79825999999999
1560912600000,2019-06-19 10:50:00,450.0212,6.7922,6.8013,6.7921,6.8013,6.79729999999999
1560912540000,2019-06-19 10:49:00,563.16571352,6.8013,6.8014,6.7943,6.7943,6.79879999999999
1560912480000,2019-06-19 10:48:00,249.54,6.7943,6.8021,6.7929,6.8021,6.797119999999991
1560912420000,2019-06-19 10:47:00,497.707,6.8021,6.8021,6.7953,6.7966,6.797459999999991
1560912360000,2019-06-19 10:46:00,11861.2558611,6.7966,6.8,6.7966,6.7997,6.79661999999999
1560912300000,2019-06-19 10:45:00,1994.159057885,6.7997,6.7997,6.79,6.7929,6.79729999999999
1560912240000,2019-06-19 10:44:00,1972.50528925,6.7929,6.796,6.7928,6.796,6.79767999999999
1560912180000,2019-06-19 10:43:00,124.70618484,6.796,6.7979,6.796,6.7979,6.80011999999999
1560912120000,2019-06-19 10:42:00,583.20948847,6.7979,6.8,6.7979,6.8,6.80193999999999
1560912060000,2019-06-19 10:41:00,1244.55635784,6.8,6.805,6.8,6.8016,6.8023799999999905
1560912000000,2019-06-19 10:40:00,3.65164216,6.8016,6.8051,6.8016,6.8051,6.8023799999999905
1560911940000,2019-06-19 10:39:00,4.805,6.8051,6.8051,6.8051,6.8051,6.803839999999991
1560911880000,2019-06-19 10:38:00,697.68,6.8051,6.8051,6.8002,6.8002,6.805659999999991
1560911820000,2019-06-19 10:37:00,853.63456452,6.8001,6.8051,6.8001,6.8001,6.807479999999989
1560911760000,2019-06-19 10:36:00,10002.0,6.8,6.8089,6.8,6.8089,6.81149999999999
1560911700000,2019-06-19 10:35:00,3.1210000000000004,6.8089,6.8142,6.8089,6.8142,6.815679999999991
1560911640000,2019-06-19 10:34:00,2260.16792785,6.8142,6.8187,6.8142,6.8142,6.818559999999989
1560911580000,2019-06-19 10:33:00,371.722,6.8142,6.8202,6.8142,6.8202,6.818559999999989
1560911520000,2019-06-19 10:32:00,238.058535875,6.8202,6.8206,6.8142,6.8206,6.81981999999999
1560911460000,2019-06-19 10:31:00,27.579,6.8209,6.821000000000001,6.8209,6.821000000000001,6.81977999999999
1560911400000,2019-06-19 10:30:00,898.649536275,6.8233,6.8233,6.8142,6.8142,6.81843999999999
1560911340000,2019-06-19 10:29:00,342.8472,6.8142,6.8205,6.8142,6.8205,6.81613999999999
1560911280000,2019-06-19 10:28:00,4074.4248,6.8205,6.8206,6.82,6.82,6.813679999999991
1560911220000,2019-06-19 10:27:00,51.93273841,6.82,6.82,6.8131,6.8142,6.809999999999991
1560911160000,2019-06-19 10:26:00,434.49794299999996,6.8142,6.8142,6.8118,6.8118,6.80599999999999
1560911100000,2019-06-19 10:25:00,114.32431399999999,6.8118,6.8118,6.8022,6.8022,6.803159999999989
1560911040000,2019-06-19 10:24:00,5.029928625,6.8019,6.8021,6.8019,6.8021,6.800959999999991
1560910980000,2019-06-19 10:23:00,155.631649,6.8021,6.8021,6.8,6.8,6.801379999999992
1560910920000,2019-06-19 10:22:00,2.0,6.8,6.8,6.8,6.8,6.803799999999991
1560910860000,2019-06-19 10:21:00,5602.0,6.8,6.8008,6.8,6.8008,6.805239999999992
1560910800000,2019-06-19 10:20:00,501.11199999999997,6.8008,6.803999999999999,6.8002,6.803999999999999,6.808059999999992
1560910740000,2019-06-19 10:19:00,1724.6477,6.803999999999999,6.8142,6.803999999999999,6.8142,6.809399999999991
1560910680000,2019-06-19 10:18:00,59.3204,6.8142,6.8142,6.8061,6.8072,6.81019999999999
1560910620000,2019-06-19 10:17:00,492.425,6.8072,6.814,6.8072,6.814,6.80933999999999
1560910560000,2019-06-19 10:16:00,42.0,6.8141,6.8141,6.8075,6.8075,6.8100799999999895
1560910500000,2019-06-19 10:15:00,21.528396205,6.8075,6.808,6.8075,6.808,6.810099999999989
1560910440000,2019-06-19 10:14:00,178.07253859,6.808,6.8099,6.808,6.8099,6.811439999999989
1560910380000,2019-06-19 10:13:00,729.3962,6.8099,6.8109,6.8099,6.8109,6.814399999999989
1560910320000,2019-06-19 10:12:00,2095.792,6.8109,6.8142,6.81,6.8142,6.81525999999999
1560910260000,2019-06-19 10:11:00,2.0,6.8142,6.8142,6.8142,6.8142,6.81707999999999
1560910200000,2019-06-19 10:10:00,142.971471,6.8142,6.8228,6.8142,6.8228,6.8182399999999905
1560910140000,2019-06-19 10:09:00,614.126,6.8228,6.824,6.8227,6.8227,6.817999999999991
1560910080000,2019-06-19 10:08:00,143.117529,6.8142,6.8239,6.8142,6.82,6.815479999999991
1560910020000,2019-06-19 10:07:00,53.651,6.82,6.82,6.82,6.82,6.816919999999991
1560909960000,2019-06-19 10:06:00,8.0,6.82,6.82,6.82,6.82,6.817239999999991
1560909900000,2019-06-19 10:05:00,358.667214,6.813,6.813,6.8102,6.8102,6.818939999999991
1560909840000,2019-06-19 10:04:00,1172.925,6.8102,6.8179,6.8102,6.8131,6.8216199999999905
1560909780000,2019-06-19 10:03:00,42.15,6.8214,6.8216,6.8214,6.8216,6.82277999999999
1560909720000,2019-06-19 10:02:00,11.7405761,6.8216,6.8285,6.8214,6.8285,6.821319999999991
1560909660000,2019-06-19 10:01:00,1799.775,6.8285,6.8285,6.8131,6.8215,6.819619999999992
1560909600000,2019-06-19 10:00:00,712.2639115428,6.8264,6.8279,6.8213,6.8214,6.816539999999992
1560909540000,2019-06-19 09:59:00,7.343597999999999,6.816,6.8214,6.816,6.8214,6.8156999999999925
1560909480000,2019-06-19 09:58:00,113.54,6.8141,6.8141,6.8131,6.8131,6.817019999999992
1560909420000,2019-06-19 09:57:00,3298.476415355,6.8131,6.8141,6.8131,6.8131,6.820759999999993
1560909360000,2019-06-19 09:56:00,1677.311682,6.8131,6.8222,6.8131,6.8222,6.824699999999993
1560909300000,2019-06-19 09:55:00,294.38599999999997,6.8222,6.8226,6.8222,6.8226,6.826119999999993
1560909240000,2019-06-19 09:54:00,495.907021415,6.8226,6.8328,6.8222,6.8328,6.827319999999993
1560909180000,2019-06-19 09:53:00,2.0,6.8328,6.8328,6.8328,6.8328,6.826799999999993
1560909120000,2019-06-19 09:52:00,406.099860825,6.8328,6.8328,6.8207,6.8207,6.827379999999994
1560909060000,2019-06-19 09:51:00,72.0,6.8202,6.8282,6.8202,6.8282,6.828739999999994
1560909000000,2019-06-19 09:50:00,486.61400000000003,6.8282,6.8282,6.82,6.82,6.833699999999993
1560908940000,2019-06-19 09:49:00,2612.6438,6.82,6.8357,6.8183,6.8357,6.836459999999993
1560908880000,2019-06-19 09:48:00,1035.520414645,6.8357,6.8447,6.8357,6.8396,6.839339999999993
1560908820000,2019-06-19 09:47:00,2.0,6.8396,6.845,6.8396,6.845,6.838839999999992
1560908760000,2019-06-19 09:46:00,1402.3970000000002,6.845,6.8468,6.8420000000000005,6.8420000000000005,6.837539999999993
1560908700000,2019-06-19 09:45:00,4.235,6.8420000000000005,6.8420000000000005,6.8404,6.8404,6.835139999999993
1560908640000,2019-06-19 09:44:00,518.085232415,6.8344,6.8344,6.8332,6.8338,6.834879999999993
1560908580000,2019-06-19 09:43:00,535.93,6.8332,6.8332,6.8332,6.8332,6.8365599999999915
1560908520000,2019-06-19 09:42:00,4.056493875,6.8331,6.8331,6.8331,6.8331,6.840839999999991
1560908460000,2019-06-19 09:41:00,3697.241,6.832999999999999,6.8407,6.8307,6.8407,6.84071999999999
1560908400000,2019-06-19 09:40:00,1940.64241923,6.8407,6.8471,6.8407,6.8428,6.8399199999999905
1560908340000,2019-06-19 09:39:00,282.097,6.8428,6.8567,6.8428,6.8477,6.838279999999992
1560908280000,2019-06-19 09:38:00,11691.65549215,6.8546,6.8546,6.8326,6.8326,6.835039999999992
1560908220000,2019-06-19 09:37:00,5363.94592969,6.8325,6.8325,6.8267,6.829,6.829119999999993
1560908160000,2019-06-19 09:36:00,2832.6230011608,6.829,6.8315,6.829,6.8303,6.825179999999994
1560908100000,2019-06-19 09:35:00,857.6432140000001,6.8325,6.8325,6.83,6.83,6.820919999999994
1560908040000,2019-06-19 09:34:00,600.20476297,6.8266,6.8303,6.8248,6.8248,6.815839999999994
1560907980000,2019-06-19 09:33:00,7970.000993000001,6.825,6.825,6.8144,6.8189,6.8119399999999946
1560907920000,2019-06-19 09:32:00,23.220327945,6.8128,6.8128,6.8128,6.8128,6.810719999999994
1560907860000,2019-06-19 09:31:00,901.705387,6.8077,6.8124,6.8071,6.8072,6.811659999999994
1560907800000,2019-06-19 09:30:00,741.27,6.8071,6.81,6.8071,6.8072,6.811479999999994
1560907740000,2019-06-19 09:29:00,852.722450175,6.8071,6.8189,6.8071,6.8189,6.811399999999995
1560907680000,2019-06-19 09:28:00,448.802393,6.8189,6.8189,6.8175,6.8175,6.811979999999996
1560907620000,2019-06-19 09:27:00,7.445416385,6.8175,6.8175,6.8078,6.8078,6.8101999999999965
1560907560000,2019-06-19 09:26:00,151.9,6.8068,6.8068,6.806,6.8067,6.808119999999995
1560907500000,2019-06-19 09:25:00,125.36,6.8067,6.81,6.8067,6.81,6.808179999999995
1560907440000,2019-06-19 09:24:00,1451.782776645,6.81,6.81,6.8016,6.81,6.808259999999994
1560907380000,2019-06-19 09:23:00,206.822,6.81,6.8161,6.8071,6.8071,6.807699999999994
1560907320000,2019-06-19 09:22:00,2.0,6.8071,6.8071,6.8071,6.8071,6.808539999999994
1560907260000,2019-06-19 09:21:00,1040.132508,6.8071,6.8071,6.8071,6.8071,6.809959999999994
1560907200000,2019-06-19 09:20:00,82.0,6.8071,6.81,6.8071,6.8072,6.812439999999993
1560907140000,2019-06-19 09:19:00,985.453095865,6.8072,6.8142,6.8071,6.8142,6.816019999999995
1560907080000,2019-06-19 09:18:00,2.0,6.8142,6.8142,6.8142,6.8142,6.818059999999994
1560907020000,2019-06-19 09:17:00,587.3034138999999,6.8142,6.8191,6.8115,6.819,6.818639999999993
1560906960000,2019-06-19 09:16:00,934.2888439999999,6.8195,6.8249,6.8066,6.8249,6.8192199999999925
1560906900000,2019-06-19 09:15:00,2654.613143205,6.825,6.825,6.8174,6.8174,6.817619999999994
1560906840000,2019-06-19 09:14:00,168.42838379,6.8174,6.8174,6.8127,6.8171,6.816039999999992
1560906780000,2019-06-19 09:13:00,514.87809,6.8171,6.8171,6.8106,6.8171,6.816559999999993
1560906720000,2019-06-19 09:12:00,6292.35645396,6.8171,6.8171,6.8079,6.8115,6.818739999999994
1560906660000,2019-06-19 09:11:00,3596.25589215,6.8115,6.8143,6.8102,6.8143,6.821379999999993
1560906600000,2019-06-19 09:10:00,4347.54301262,6.8171,6.82,6.8163,6.82,6.824219999999992
1560906540000,2019-06-19 09:09:00,752.2101190000001,6.82,6.827999999999999,6.82,6.827999999999999,6.825259999999991
1560906480000,2019-06-19 09:08:00,354.98699999999997,6.827999999999999,6.83,6.827999999999999,6.83,6.827259999999991
1560906420000,2019-06-19 09:07:00,1092.748,6.8303,6.8304,6.827999999999999,6.827999999999999,6.827659999999992
1560906360000,2019-06-19 09:06:00,152.0,6.8257,6.8257,6.82,6.8223,6.825599999999992
1560906300000,2019-06-19 09:05:00,1824.685,6.8223,6.8348,6.8223,6.83,6.827119999999992
1560906240000,2019-06-19 09:04:00,601.46,6.83,6.8326,6.83,6.83,6.826659999999992
1560906180000,2019-06-19 09:03:00,1160.71,6.83,6.8327,6.82,6.82,6.821119999999993
1560906120000,2019-06-19 09:02:00,5402.73386838,6.82,6.8332,6.82,6.8332,6.815119999999993
1560906060000,2019-06-19 09:01:00,5410.34127975,6.8333,6.8425,6.8143,6.82,6.8118999999999925
1560906000000,2019-06-19 09:00:00,858.9879235587,6.82,6.82,6.8034,6.8101,6.806179999999993
1560905940000,2019-06-19 08:59:00,5270.96013659,6.8023,6.81,6.8,6.8,6.8031199999999945
1560905880000,2019-06-19 08:58:00,287.553,6.8,6.8039,6.8,6.8039,6.8006599999999935
1560905820000,2019-06-19 08:57:00,3.161585285,6.8039,6.8047,6.8039,6.8047,6.798179999999993
1560905760000,2019-06-19 08:56:00,2.0,6.8047,6.8047,6.8047,6.8047,6.795999999999994
1560905700000,2019-06-19 08:55:00,3649.507646845,6.8047,6.8047,6.79,6.79,6.793139999999994
1560905640000,2019-06-19 08:54:00,687.416,6.79,6.792999999999999,6.7885,6.7885,6.7888999999999955
1560905580000,2019-06-19 08:53:00,6.25083187,6.7876,6.792999999999999,6.7869,6.792999999999999,6.785999999999996
1560905520000,2019-06-19 08:52:00,642.8897,6.792999999999999,6.792999999999999,6.7904,6.7904,6.781139999999996
1560905460000,2019-06-19 08:51:00,741.80579215,6.7904,6.792999999999999,6.7835,6.7835,6.774099999999997
1560905400000,2019-06-19 08:50:00,1308.899016145,6.7835,6.7835,6.7735,6.7755,6.7660199999999975
1560905340000,2019-06-19 08:49:00,636.522136,6.7755,6.7755,6.7633,6.7633,6.758879999999996
1560905280000,2019-06-19 08:48:00,365.72117327,6.7633,6.7633,6.7573,6.7578,6.755419999999996
1560905220000,2019-06-19 08:47:00,50.903999999999996,6.7578,6.7578,6.75,6.75,6.754759999999996
1560905160000,2019-06-19 08:46:00,87.89299999999999,6.75,6.75,6.75,6.75,6.755399999999997
1560905100000,2019-06-19 08:45:00,418.641961005,6.7478,6.7582,6.7478,6.7582,6.757819999999998
1560905040000,2019-06-19 08:44:00,483.769,6.7582,6.7583,6.7582,6.7583,6.760679999999999
1560904980000,2019-06-19 08:43:00,208.382,6.76,6.761,6.7588,6.761,6.760459999999999
1560904920000,2019-06-19 08:42:00,967.715,6.761,6.7706,6.761,6.7621,6.759479999999999
1560904860000,2019-06-19 08:41:00,2.0,6.7621,6.7621,6.7621,6.7621,6.761539999999998
1560904800000,2019-06-19 08:40:00,27.03182435,6.7621,6.7621,6.7545,6.7571,6.7666799999999965
1560904740000,2019-06-19 08:39:00,1266.638577,6.7571,6.7589999999999995,6.7469,6.7551,6.768259999999995
1560904680000,2019-06-19 08:38:00,4432.36646353,6.7551,6.774,6.7551,6.7701,6.770839999999994
1560904620000,2019-06-19 08:37:00,1463.1481,6.7713,6.7874,6.7713,6.7874,6.773819999999995
1560904560000,2019-06-19 08:36:00,10.0,6.7878,6.7884,6.77,6.77,6.774659999999995
1560904500000,2019-06-19 08:35:00,429.20125727,6.77,6.77,6.7651,6.77,6.772659999999995
1560904440000,2019-06-19 08:34:00,738.305,6.77,6.77,6.77,6.77,6.775859999999994
1560904380000,2019-06-19 08:33:00,703.60853859,6.77,6.7774,6.77,6.7755,6.7804599999999935
1560904320000,2019-06-19 08:32:00,16.719,6.7755,6.779,6.7755,6.779,6.784939999999994
1560904260000,2019-06-19 08:31:00,5855.239256615,6.7778,6.7861,6.7778,6.7860000000000005,6.788319999999994
1560904200000,2019-06-19 08:30:00,287.124404545,6.7860000000000005,6.7929,6.7860000000000005,6.7929,6.790219999999995
1560904140000,2019-06-19 08:29:00,1530.774,6.792999999999999,6.792999999999999,6.7923,6.7923,6.791619999999995
1560904080000,2019-06-19 08:28:00,490.88503884,6.7924,6.7924,6.7860000000000005,6.7924,6.791499999999995
1560904020000,2019-06-19 08:27:00,733.898,6.7924,6.792999999999999,6.7873,6.7873,6.791259999999994
1560903960000,2019-06-19 08:26:00,163.15021000000002,6.7873,6.792999999999999,6.7873,6.792999999999999,6.790559999999994
1560903900000,2019-06-19 08:25:00,134.341320595,6.792999999999999,6.792999999999999,6.7862,6.7924,6.790719999999993
1560903840000,2019-06-19 08:24:00,1599.8036,6.7924,6.7924,6.787999999999999,6.7912,6.789719999999993
1560903780000,2019-06-19 08:23:00,101.0,6.7912,6.7912,6.7895,6.7895,6.788359999999993
1560903720000,2019-06-19 08:22:00,53.0,6.7889,6.7889,6.7887,6.7887,6.787259999999992
1560903660000,2019-06-19 08:21:00,2.00007948,6.7881,6.7881,6.787999999999999,6.787999999999999,6.787439999999992
1560903600000,2019-06-19 08:20:00,7.332000000000001,6.787999999999999,6.787999999999999,6.7856,6.7856,6.7884399999999925
1560903540000,2019-06-19 08:19:00,3.0,6.7856,6.7856,6.7856,6.7856,6.790399999999994
1560903480000,2019-06-19 08:18:00,2105.99359215,6.7857,6.7897,6.7856,6.7897,6.793279999999993
1560903420000,2019-06-19 08:17:00,8.86759338,6.7898,6.7966,6.7898,6.7931,6.795039999999993
1560903360000,2019-06-19 08:16:00,2329.18134365,6.7931,6.7978,6.7931,6.7957,6.795719999999993
1560903300000,2019-06-19 08:15:00,338.736,6.7978,6.8020000000000005,6.7978,6.8,6.796279999999991
1560903240000,2019-06-19 08:14:00,3432.3218,6.8,6.8,6.7945,6.7945,6.79787999999999
1560903180000,2019-06-19 08:13:00,1624.9170000000001,6.7945,6.7945,6.7932,6.7932,6.799359999999991
1560903120000,2019-06-19 08:12:00,107.72952179999999,6.7932,6.796,6.7932,6.796,6.802459999999992
1560903060000,2019-06-19 08:11:00,1513.411,6.7959,6.8049,6.7959,6.8049,6.805279999999992
1560903000000,2019-06-19 08:10:00,2581.68183226,6.8058,6.81,6.8058,6.81,6.809359999999993
1560902940000,2019-06-19 08:09:00,158.61376774,6.8074,6.81,6.8074,6.81,6.811459999999992
1560902880000,2019-06-19 08:08:00,356.8354,6.81,6.81,6.8073,6.8073,6.811859999999993
1560902820000,2019-06-19 08:07:00,932.158,6.8073,6.8198,6.8073,6.8163,6.811279999999992
1560902760000,2019-06-19 08:06:00,2573.1340228,6.8163,6.8164,6.8163,6.8164,6.810219999999992
1560902700000,2019-06-19 08:05:00,2066.9729772,6.8163,6.825,6.8103,6.8103,6.804979999999993
1560902640000,2019-06-19 08:04:00,9874.550761325,6.8094,6.8163,6.7999,6.8071,6.7997199999999935
1560902580000,2019-06-19 08:03:00,4213.0787,6.8071,6.81,6.8019,6.8019,6.793839999999994
1560902520000,2019-06-19 08:02:00,729.08198233,6.8020000000000005,6.8064,6.7959,6.7959,6.788419999999995
1560902460000,2019-06-19 08:01:00,1926.462285,6.7901,6.7901,6.79,6.79,6.785999999999996
1560902400000,2019-06-19 08:00:00,1765.3525,6.79,6.79,6.78,6.78,6.785039999999995
1560902340000,2019-06-19 07:59:00,2957.49770018,6.78,6.7857,6.7727,6.78,6.781639999999994
1560902280000,2019-06-19 07:58:00,115.87100000000001,6.78,6.7873,6.78,6.7873,6.7804799999999945
1560902220000,2019-06-19 07:57:00,1522.801476755,6.7899,6.7899,6.785,6.7853,6.780059999999994
1560902160000,2019-06-19 07:56:00,448.314,6.7853,6.7853,6.7734,6.7734,6.779279999999995
1560902100000,2019-06-19 07:55:00,344.980854,6.773,6.78,6.773,6.7742,6.780419999999994
1560902040000,2019-06-19 07:54:00,209.47786151,6.7742,6.7809,6.7742,6.7792,6.7818199999999935
1560901980000,2019-06-19 07:53:00,553.0509999999999,6.7779,6.79,6.7779,6.7866,6.7820799999999934
1560901920000,2019-06-19 07:52:00,2307.31692225,6.7860000000000005,6.7945,6.7860000000000005,6.791,6.778499999999992
1560901860000,2019-06-19 07:51:00,526.69358123,6.791,6.791,6.78,6.78,6.771299999999992
1560901800000,2019-06-19 07:50:00,690.3903,6.78,6.78,6.7777,6.7777,6.763099999999992
1560901740000,2019-06-19 07:49:00,631.57746021,6.7755,6.7755,6.7657,6.7657,6.759019999999991
1560901680000,2019-06-19 07:48:00,458.728,6.76,6.76,6.751,6.751,6.757059999999991
1560901620000,2019-06-19 07:47:00,213.804266125,6.75,6.75,6.7432,6.7432,6.758199999999992
1560901560000,2019-06-19 07:46:00,1540.33568352,6.75,6.76,6.75,6.7595,6.760079999999992
1560901500000,2019-06-19 07:45:00,1759.285,6.7596,6.7624,6.7596,6.7624,6.761519999999992
1560901440000,2019-06-19 07:44:00,2084.85244085,6.7657,6.7657,6.7657,6.7657,6.761599999999992
1560901380000,2019-06-19 07:43:00,830.33755915,6.7657,6.7657,6.7599,6.7599,6.760499999999991
1560901320000,2019-06-19 07:42:00,1730.5802399999998,6.7594,6.7594,6.7594,6.7594,6.75881999999999
1560901260000,2019-06-19 07:41:00,3074.64892892,6.7572,6.76,6.7572,6.76,6.75885999999999
1560901200000,2019-06-19 07:40:00,3155.30899215,6.76,6.7613,6.76,6.7612,6.7584399999999905
1560901140000,2019-06-19 07:39:00,1005.79298951,6.7602,6.7602,6.7572,6.7572,6.755859999999991
1560901080000,2019-06-19 07:38:00,332.96,6.7573,6.7595,6.7572,6.7595,6.753819999999992
1560901020000,2019-06-19 07:37:00,769.75263275,6.7596,6.7596,6.756,6.756,6.750319999999992
1560900960000,2019-06-19 07:36:00,306.681181245,6.7551,6.7551,6.7435,6.7469,6.746399999999992
1560900900000,2019-06-19 07:35:00,2202.47932963,6.7471,6.7538,6.7471,6.75,6.742959999999994
1560900840000,2019-06-19 07:34:00,3911.528706435,6.75,6.75,6.7367,6.7397,6.739539999999994
1560900780000,2019-06-19 07:33:00,1344.4964732,6.7398,6.74,6.7367,6.7399,6.735019999999994
1560900720000,2019-06-19 07:32:00,886.2130000000001,6.74,6.7457,6.736000000000001,6.7414,6.7308599999999945
1560900660000,2019-06-19 07:31:00,51.59410847,6.7379,6.7379,6.73,6.73,6.726659999999994
1560900600000,2019-06-19 07:30:00,2.33448847,6.73,6.73,6.7274,6.7274,6.722979999999995
1560900540000,2019-06-19 07:29:00,687.44949811,6.7274,6.7274,6.718999999999999,6.718999999999999,6.7205599999999945
1560900480000,2019-06-19 07:28:00,23.7324592,6.718999999999999,6.718999999999999,6.7171,6.718999999999999,6.715079999999995
1560900420000,2019-06-19 07:27:00,344.024,6.718999999999999,6.7195,6.718999999999999,6.7195,6.711159999999994
1560900360000,2019-06-19 07:26:00,91.29,6.7195,6.7195,6.7179,6.7179,6.704459999999993
1560900300000,2019-06-19 07:25:00,3365.74793416,6.7179,6.7179,6.7005,6.7005,6.697019999999992
1560900240000,2019-06-19 07:24:00,314.326904,6.7,6.7036,6.6994,6.6994,6.690579999999992
1560900180000,2019-06-19 07:23:00,155.14651895,6.6994,6.6994,6.6855,6.6855,6.690579999999992
1560900120000,2019-06-19 07:22:00,1500.915736,6.6855,6.6855,6.6773,6.6823,6.692499999999993
1560900060000,2019-06-19 07:21:00,1295.687,6.6823,6.6857,6.68,6.6857,6.696219999999992
1560900000000,2019-06-19 07:20:00,2895.18798334,6.6857,6.6991,6.6857,6.6965,6.700619999999992
1560899940000,2019-06-19 07:19:00,542.23862993,6.7,6.707999999999999,6.6936,6.707999999999999,6.702719999999992
1560899880000,2019-06-19 07:18:00,1382.766,6.709,6.709,6.7028,6.7041,6.701999999999991
1560899820000,2019-06-19 07:17:00,464.00137007,6.7041,6.7042,6.6979999999999995,6.7042,6.701099999999991
1560899760000,2019-06-19 07:16:00,19.845,6.7043,6.7043,6.7011,6.7011,6.701479999999992
1560899700000,2019-06-19 07:15:00,5332.610804655,6.6962,6.7059,6.69,6.6964,6.7017999999999915
1560899640000,2019-06-19 07:14:00,1059.9722,6.6964,6.7045,6.6964,6.7045,6.703739999999992
1560899580000,2019-06-19 07:13:00,184.155487675,6.7045,6.706,6.7045,6.706,6.705839999999992
1560899520000,2019-06-19 07:12:00,596.6052589999999,6.706,6.71,6.7059,6.7059,6.707439999999991
1560899460000,2019-06-19 07:11:00,5625.213512325,6.7059,6.71,6.6979999999999995,6.7059,6.70761999999999
1560899400000,2019-06-19 07:10:00,1251.5813679999999,6.7059,6.7059,6.7,6.7001,6.70585999999999
1560899340000,2019-06-19 07:09:00,453.55000863,6.7069,6.7125,6.7069,6.7125,6.70421999999999
1560899280000,2019-06-19 07:08:00,831.98606937,6.7125,6.7125,6.7069,6.707000000000001,6.70525999999999
1560899220000,2019-06-19 07:07:00,22.1801,6.7069,6.7069,6.6971,6.6971,6.70517999999999
1560899160000,2019-06-19 07:06:00,153.22091476,6.6971,6.6977,6.6971,6.6977,6.704779999999991
1560899100000,2019-06-19 07:05:00,93.84478524,6.6977,6.7039,6.6977,6.7039,6.706619999999991
1560899040000,2019-06-19 07:04:00,192.05143819,6.7121,6.7128,6.7121,6.7125,6.709359999999991
1560898980000,2019-06-19 07:03:00,1151.79329569,6.7121,6.7122,6.6981,6.7049,6.71109999999999
1560898920000,2019-06-19 07:02:00,1577.035187,6.7049,6.7049,6.6913,6.6984,6.712099999999991
1560898860000,2019-06-19 07:01:00,4701.0375,6.7063,6.7114,6.6973,6.7114,6.71341999999999
1560898800000,2019-06-19 07:00:00,2329.007788435,6.7114,6.722,6.7114,6.7208,6.714839999999991
1560898740000,2019-06-19 06:59:00,8028.15304556,6.7208,6.7237,6.711,6.7171,6.715779999999991
1560898680000,2019-06-19 06:58:00,8631.3306,6.7171,6.7187,6.71,6.7115,6.712979999999992
1560898620000,2019-06-19 06:57:00,1038.45110537,6.7115,6.7182,6.7106,6.7134,6.710919999999992
1560898560000,2019-06-19 06:56:00,565.4540000000001,6.7134,6.7268,6.7134,6.7172,6.710379999999992
1560898500000,2019-06-19 06:55:00,2406.81144,6.7161,6.7176,6.7056,6.7068,6.716259999999993
1560898440000,2019-06-19 06:54:00,1649.67862716,6.7068,6.7134,6.7068,6.7068,6.721619999999993
1560898380000,2019-06-19 06:53:00,1617.29749338,6.7068,6.7134,6.7068,6.7134,6.728819999999994
1560898320000,2019-06-19 06:52:00,1741.91299454,6.7088,6.7428,6.7088,6.7428,6.736019999999994
1560898260000,2019-06-19 06:51:00,152.0,6.7428,6.7429,6.7428,6.7429,6.743639999999994
1560898200000,2019-06-19 06:50:00,459.37208200000003,6.7429,6.7429,6.7395,6.7428,6.744459999999992
1560898140000,2019-06-19 06:49:00,1406.725384935,6.7428,6.7428,6.7395,6.7428,6.745279999999992
1560898080000,2019-06-19 06:48:00,157.34655757,6.7428,6.747000000000001,6.7428,6.7469,6.746139999999992
1560898020000,2019-06-19 06:47:00,2.0,6.7469,6.7469,6.7469,6.7469,6.747119999999991
1560897960000,2019-06-19 06:46:00,57.58944243,6.7469,6.747000000000001,6.7469,6.7469,6.749119999999991
1560897900000,2019-06-19 06:45:00,92.32898726,6.747000000000001,6.7471,6.747000000000001,6.7471,6.75115999999999
1560897840000,2019-06-19 06:44:00,428.797121345,6.7471,6.7477,6.7394,6.7477,6.75313999999999
1560897780000,2019-06-19 06:43:00,503.704536655,6.7477,6.7569,6.7477,6.7569,6.75311999999999
1560897720000,2019-06-19 06:42:00,653.27421299,6.7569,6.7571,6.7569,6.7571,6.75247999999999
1560897660000,2019-06-19 06:41:00,162.83020280000002,6.7571,6.7571,6.7569,6.7569,6.74999999999999
1560897600000,2019-06-19 06:40:00,552.28437078,6.7569,6.7569,6.747000000000001,6.747000000000001,6.747479999999991
1560897540000,2019-06-19 06:39:00,202.0,6.747000000000001,6.747000000000001,6.7445,6.7445,6.74619999999999
1560897480000,2019-06-19 06:38:00,550.053120165,6.7445,6.7494,6.7445,6.7445,6.746799999999991
1560897420000,2019-06-19 06:37:00,1878.817,6.7445,6.7523,6.7445,6.7504,6.7466399999999895
1560897360000,2019-06-19 06:36:00,1132.45230871,6.7445,6.7505,6.7445,6.7505,6.746019999999989
1560897300000,2019-06-19 06:35:00,238.370294365,6.7505,6.7505,6.7499,6.75,6.744459999999988
1560897240000,2019-06-19 06:34:00,380.8605,6.75,6.75,6.7437,6.7437,6.741059999999988
1560897180000,2019-06-19 06:33:00,1762.683177475,6.7437,6.7437,6.737,6.7428,6.733919999999988
1560897120000,2019-06-19 06:32:00,262.304822525,6.7414,6.7428,6.7411,6.7411,6.727579999999989
1560897060000,2019-06-19 06:31:00,843.96741164,6.7367,6.7367,6.7336,6.7336,6.721199999999989
1560897000000,2019-06-19 06:30:00,412.09065773,6.7335,6.7335,6.7143,6.7143,6.715559999999989
1560896940000,2019-06-19 06:29:00,1067.00316092,6.7143,6.7143,6.7086,6.712000000000001,6.708759999999989
1560896880000,2019-06-19 06:28:00,2241.5703,6.712000000000001,6.7142,6.7095,6.7095,6.703899999999988
1560896820000,2019-06-19 06:27:00,951.3153359999999,6.7095,6.7095,6.7085,6.7085,6.699939999999988
1560896760000,2019-06-19 06:26:00,1178.7873,6.7085,6.7085,6.695,6.6995,6.697439999999989
1560896700000,2019-06-19 06:25:00,1126.56134282,6.6995,6.7,6.69,6.6928,6.695119999999989
1560896640000,2019-06-19 06:24:00,967.955,6.69,6.6922,6.6891,6.6922,6.693039999999987
1560896580000,2019-06-19 06:23:00,1478.6660000000002,6.6922,6.6999,6.6922,6.697,6.692459999999988
1560896520000,2019-06-19 06:22:00,728.7810000000001,6.697,6.6971,6.6922,6.6969,6.692059999999988
1560896460000,2019-06-19 06:21:00,1166.06899999,6.6969,6.7004,6.6922,6.6979,6.690299999999988
1560896400000,2019-06-19 06:20:00,1378.7579999999998,6.6891,6.6891,6.68,6.6871,6.688519999999988
1560896340000,2019-06-19 06:19:00,2177.6001,6.6871,6.6971,6.6871,6.6902,6.689559999999989
1560896280000,2019-06-19 06:18:00,168.32408614,6.6902,6.697,6.6902,6.697,6.692559999999989
1560896220000,2019-06-19 06:17:00,132.17,6.6882,6.6976,6.688,6.688,6.69493999999999
1560896160000,2019-06-19 06:16:00,552.4189,6.688,6.695,6.688,6.6943,6.69669999999999
1560896100000,2019-06-19 06:15:00,1000.8510000000001,6.6943,6.7021,6.6912,6.7021,6.696179999999989
1560896040000,2019-06-19 06:14:00,1576.3429999999998,6.7021,6.7094,6.7021,6.7022,6.698619999999989
1560895980000,2019-06-19 06:13:00,42.543597999999996,6.7021,6.7021,6.6985,6.6985,6.700879999999989
1560895920000,2019-06-19 06:12:00,733.015479295,6.697,6.697,6.6854,6.6854,6.701119999999989
1560895860000,2019-06-19 06:11:00,1414.82189215,6.6854,6.7066,6.6854,6.7065,6.700359999999987
1560895800000,2019-06-19 06:10:00,1131.14330785,6.7065,6.7134,6.702000000000001,6.7134,6.700419999999987
1560895740000,2019-06-19 06:09:00,460.60429215,6.7134,6.7134,6.7037,6.7037,6.696659999999987
1560895680000,2019-06-19 06:08:00,1664.3981,6.7033,6.7066,6.7029,6.7029,6.694179999999987
1560895620000,2019-06-19 06:07:00,839.317883905,6.6932,6.6932,6.6858,6.6858,6.691759999999988
1560895560000,2019-06-19 06:06:00,2217.28884012,6.6857,6.6877,6.6854,6.6877,6.691679999999988
1560895500000,2019-06-19 06:05:00,785.3839999999999,6.6877,6.6976,6.6877,6.6976,6.694879999999989
1560895440000,2019-06-19 06:04:00,1552.99392588,6.7010000000000005,6.7013,6.6876,6.6912,6.698119999999989
1560895380000,2019-06-19 06:03:00,185.18099999999998,6.6912,6.6928,6.6912,6.6928,6.698819999999989
1560895320000,2019-06-19 06:02:00,15.455,6.6928,6.7017,6.6928,6.7017,6.698579999999988
1560895260000,2019-06-19 06:01:00,30.961,6.7017,6.7039,6.6971,6.7039,6.696019999999988
1560895200000,2019-06-19 06:00:00,1126.087,6.7039,6.7101,6.7039,6.7045,6.693619999999989
1560895140000,2019-06-19 05:59:00,2966.435561,6.7045,6.7045,6.69,6.7,6.69231999999999
1560895080000,2019-06-19 05:58:00,6131.106561875,6.69,6.7,6.68,6.68,6.692579999999988
1560895020000,2019-06-19 05:57:00,999.8860000000001,6.68,6.6897,6.68,6.6897,6.692499999999988
1560894960000,2019-06-19 05:56:00,60.59777128,6.6897,6.6974,6.6897,6.6974,6.6930599999999885
1560894900000,2019-06-19 05:55:00,152.0,6.6974,6.7058,6.6974,6.7058,6.697199999999988
1560894840000,2019-06-19 05:54:00,2030.28052,6.7058,6.7068,6.6896,6.6896,6.700559999999987
1560894780000,2019-06-19 05:53:00,5203.611317100001,6.6896,6.6896,6.6828,6.6828,6.702419999999987
1560894720000,2019-06-19 05:52:00,3167.15813588,6.6828,6.7104,6.6828,6.7104,6.707499999999987
1560894660000,2019-06-19 05:51:00,189.65286605,6.7104,6.7135,6.7104,6.7135,6.713839999999988
1560894600000,2019-06-19 05:50:00,2210.53698718,6.7142,6.7151,6.7142,6.7151,6.715119999999987
1560894540000,2019-06-19 05:49:00,5.0,6.7151,6.7151,6.7151,6.7151,6.717779999999988
1560894480000,2019-06-19 05:48:00,1.0,6.715,6.715,6.715,6.715,6.720199999999987
1560894420000,2019-06-19 05:47:00,393.18209011,6.7145,6.7164,6.7143,6.7164,6.722439999999986
1560894360000,2019-06-19 05:46:00,1770.51709552,6.7168,6.7278,6.7168,6.7275,6.724139999999986
1560894300000,2019-06-19 05:45:00,13.0,6.7275,6.7281,6.727,6.7272,6.725399999999986
1560894240000,2019-06-19 05:44:00,2.0,6.7272,6.7272,6.7262,6.7262,6.724699999999986
1560894180000,2019-06-19 05:43:00,1208.014,6.7262,6.7268,6.7247,6.7247,6.724039999999985
1560894120000,2019-06-19 05:42:00,2771.50841417,6.723,6.7275,6.7204,6.7231,6.7236399999999845
1560894060000,2019-06-19 05:41:00,2291.147854,6.7231,6.7243,6.7204,6.7243,6.725239999999985
1560894000000,2019-06-19 05:40:00,418.94599999999997,6.724,6.727,6.7228,6.7239,6.726579999999984
1560893940000,2019-06-19 05:39:00,912.12071139,6.7239,6.727,6.7218,6.7246,6.730659999999983
1560893880000,2019-06-19 05:38:00,1739.1223,6.7242,6.7312,6.7239,6.731,6.7363399999999825
1560893820000,2019-06-19 05:37:00,3.0,6.731,6.731,6.7298,6.7298,6.740399999999982
1560893760000,2019-06-19 05:36:00,1837.6820045000002,6.7298,6.7441,6.7298,6.7441,6.743099999999982
1560893700000,2019-06-19 05:35:00,751.9093095,6.7444,6.745,6.7444,6.745,6.747119999999984
1560893640000,2019-06-19 05:34:00,126.22824354,6.7523,6.7523,6.7445,6.7445,6.748239999999984
1560893580000,2019-06-19 05:33:00,184.4786905,6.7445,6.7532,6.7445,6.7532,6.747979999999984
1560893520000,2019-06-19 05:32:00,1037.5071,6.7445,6.7539,6.7445,6.7498,6.747659999999984
1560893460000,2019-06-19 05:31:00,8.514064395,6.7499,6.75,6.7445,6.75,6.747339999999983
1560893400000,2019-06-19 05:30:00,3.3089999999999997,6.75,6.751,6.75,6.751,6.745779999999982
1560893340000,2019-06-19 05:29:00,24.991566255,6.751,6.751,6.7441,6.7441,6.746339999999982
1560893280000,2019-06-19 05:28:00,0.0,6.7429,6.7429,6.7429,6.7429,6.747699999999982
1560893220000,2019-06-19 05:27:00,471.50551715,6.7429,6.7429,6.7421,6.7421,6.750679999999981
1560893160000,2019-06-19 05:26:00,1872.12293485,6.7421,6.7554,6.7421,6.7458,6.751699999999981
1560893100000,2019-06-19 05:25:00,49.651785685,6.7528,6.7578,6.7458,6.7578,6.751839999999982
1560893040000,2019-06-19 05:24:00,1497.5181,6.7578,6.7685,6.7578,6.7665,6.749839999999982
1560892980000,2019-06-19 05:23:00,294.993063825,6.7578,6.7578,6.7494,6.7494,6.746839999999983
1560892920000,2019-06-19 05:22:00,799.899937,6.747999999999999,6.7511,6.7455,6.7462,6.743839999999983
1560892860000,2019-06-19 05:21:00,0.0,6.7428,6.7428,6.7428,6.7428,6.742659999999984
1560892800000,2019-06-19 05:20:00,450.53906515,6.7428,6.7471,6.7428,6.7471,6.744379999999984
1560892740000,2019-06-19 05:19:00,0.0,6.7428,6.7428,6.7428,6.7428,6.746319999999983
1560892680000,2019-06-19 05:18:00,5.0,6.7428,6.7428,6.7428,6.7428,6.749419999999982
1560892620000,2019-06-19 05:17:00,102.0,6.7421,6.7514,6.7418,6.7514,6.754059999999981
1560892560000,2019-06-19 05:16:00,2300.46,6.7514,6.7571,6.7514,6.7525,6.756419999999982
1560892500000,2019-06-19 05:15:00,535.620483165,6.7525,6.7583,6.7525,6.7583,6.756639999999981
1560892440000,2019-06-19 05:14:00,133.007,6.7583,6.766,6.7583,6.766,6.756919999999982
1560892380000,2019-06-19 05:13:00,670.46,6.766,6.773,6.7552,6.7552,6.7562799999999825
1560892320000,2019-06-19 05:12:00,39.801024155,6.7539,6.7539,6.7525,6.7525,6.755519999999983
1560892260000,2019-06-19 05:11:00,576.1349,6.7525,6.7637,6.7525,6.754,6.757179999999982
1560892200000,2019-06-19 05:10:00,6.0,6.7539,6.7551,6.7539,6.7551,6.759639999999983
1560892140000,2019-06-19 05:09:00,1848.43727882,6.7551,6.7622,6.7551,6.7622,6.762719999999983
1560892080000,2019-06-19 05:08:00,293.275,6.7622,6.7622,6.7622,6.7622,6.763859999999982
1560892020000,2019-06-19 05:07:00,269.58299999999997,6.7622,6.7648,6.7622,6.7648,6.764699999999982
1560891960000,2019-06-19 05:06:00,2.468505965,6.7648,6.7693,6.7648,6.7693,6.766219999999983
1560891900000,2019-06-19 05:05:00,149.726,6.7693,6.7693,6.7608,6.7608,6.767219999999982
1560891840000,2019-06-19 05:04:00,2.542370525,6.7608,6.7664,6.7608,6.7664,6.767319999999981
1560891780000,2019-06-19 05:03:00,209.708,6.7664,6.7698,6.7656,6.7698,6.76933999999998
1560891720000,2019-06-19 05:02:00,214.2,6.7698,6.7698,6.7698,6.7698,6.77023999999998
1560891660000,2019-06-19 05:01:00,3.505,6.7698,6.7699,6.7698,6.7699,6.77045999999998
1560891600000,2019-06-19 05:00:00,27.5848,6.7698,6.7698,6.7619,6.7619,6.76891999999998
1560891540000,2019-06-19 04:59:00,44.01305695,6.7709,6.7709,6.7709,6.7709,6.76737999999998
1560891480000,2019-06-19 04:58:00,2.62094305,6.7709,6.7709,6.7709,6.7709,6.768759999999981
1560891420000,2019-06-19 04:57:00,217.45865099999997,6.7709,6.7709,6.7621,6.7621,6.769719999999981
1560891360000,2019-06-19 04:56:00,447.991333445,6.7621,6.7621,6.7621,6.7621,6.770559999999982
1560891300000,2019-06-19 04:55:00,636.0840000000001,6.7621,6.7776,6.7621,6.7776,6.77055999999998
1560891240000,2019-06-19 04:54:00,61.6013458,6.7778,6.7778,6.7757,6.7759,6.770419999999982
1560891180000,2019-06-19 04:53:00,7.612696215,6.7757,6.7757,6.7676,6.7751,6.768859999999981
1560891120000,2019-06-19 04:52:00,535.368,6.7751,6.7755,6.7747,6.7755,6.767099999999981
1560891060000,2019-06-19 04:51:00,2.0,6.7621,6.7632,6.7621,6.7632,6.76417999999998
1560891000000,2019-06-19 04:50:00,281.82029003,6.7614,6.77,6.7614,6.77,6.765539999999982
1560890940000,2019-06-19 04:49:00,299.59,6.77,6.77,6.7669,6.7669,6.765539999999982
1560890880000,2019-06-19 04:48:00,3.3842,6.7669,6.7673,6.7653,6.7653,6.763819999999981
1560890820000,2019-06-19 04:47:00,2.73300806,6.7605,6.7673,6.7605,6.7673,6.761219999999982
1560890760000,2019-06-19 04:46:00,643.39593749,6.7689,6.773,6.7561,6.7561,6.759899999999982
1560890700000,2019-06-19 04:45:00,2.2928,6.7614,6.7614,6.7561,6.7614,6.7561199999999815
1560890640000,2019-06-19 04:44:00,274.8472,6.7614,6.7614,6.7614,6.7614,6.753839999999981
1560890580000,2019-06-19 04:43:00,0.0,6.7539,6.7539,6.7539,6.7539,6.75269999999998
1560890520000,2019-06-19 04:42:00,4.051748025,6.7539,6.7539,6.75,6.75,6.753059999999979
1560890460000,2019-06-19 04:41:00,2.0,6.75,6.75,6.75,6.75,6.753419999999979
1560890400000,2019-06-19 04:40:00,365.63641281,6.75,6.7557,6.75,6.7557,6.7544399999999785
1560890340000,2019-06-19 04:39:00,521.78128719,6.7557,6.7614,6.7557,6.7557,6.756639999999979
1560890280000,2019-06-19 04:38:00,1.0,6.7557,6.7557,6.7557,6.7557,6.75769999999998
1560890220000,2019-06-19 04:37:00,2.12617999,6.7557,6.7557,6.7523,6.7523,6.75855999999998
1560890160000,2019-06-19 04:36:00,2600.005644375,6.7551,6.761,6.7551,6.761,6.76073999999998
1560890100000,2019-06-19 04:35:00,29.2237,6.761,6.761,6.761,6.761,6.763039999999981
1560890040000,2019-06-19 04:34:00,5.373447775,6.761,6.761,6.76,6.76,6.76415999999998
1560889980000,2019-06-19 04:33:00,201.8419,6.76,6.7666,6.76,6.7666,6.76621999999998
1560889920000,2019-06-19 04:32:00,64.457,6.7666,6.7666,6.7666,6.7666,6.76943999999998
1560889860000,2019-06-19 04:31:00,2.0,6.7666,6.7666,6.7666,6.7666,6.771279999999981
1560889800000,2019-06-19 04:30:00,17.0,6.7666,6.7713,6.7666,6.7713,6.773119999999983
1560889740000,2019-06-19 04:29:00,1908.26896974,6.7713,6.7761,6.7713,6.7761,6.774939999999984
1560889680000,2019-06-19 04:28:00,313.7372,6.7761,6.7761,6.7758,6.7758,6.776679999999985
1560889620000,2019-06-19 04:27:00,823.4469,6.7758,6.7759,6.7758,6.7759,6.777459999999985
1560889560000,2019-06-19 04:26:00,1.75793026,6.7758,6.7758,6.7757,6.7757,6.778299999999985
1560889500000,2019-06-19 04:25:00,19.9218,6.7757,6.78,6.7757,6.78,6.780299999999985
1560889440000,2019-06-19 04:24:00,2.0,6.78,6.78,6.78,6.78,6.782319999999986
1560889380000,2019-06-19 04:23:00,2.0,6.78,6.78,6.78,6.78,6.781319999999985
1560889320000,2019-06-19 04:22:00,156.23,6.78,6.7858,6.78,6.7858,6.7788199999999845
1560889260000,2019-06-19 04:21:00,2.0,6.7858,6.7858,6.7858,6.7858,6.776619999999984
1560889200000,2019-06-19 04:20:00,514.396658465,6.7858,6.7858,6.775,6.775,6.773439999999984
1560889140000,2019-06-19 04:19:00,659.078170245,6.775,6.775,6.7675,6.7675,6.770999999999984
1560889080000,2019-06-19 04:18:00,2.00581505,6.7675,6.769,6.7675,6.769,6.771139999999984
1560889020000,2019-06-19 04:17:00,187.13400000000001,6.769,6.7699,6.769,6.7699,6.772779999999985
1560888960000,2019-06-19 04:16:00,1420.4117,6.7699,6.7752,6.7699,6.7743,6.7732599999999845
1560888900000,2019-06-19 04:15:00,608.6789,6.7736,6.7757,6.7699,6.7757,6.773279999999984
1560888840000,2019-06-19 04:14:00,19.0,6.7757,6.7757,6.7757,6.7757,6.771879999999984
1560888780000,2019-06-19 04:13:00,347.184,6.7757,6.7757,6.7714,6.7714,6.769679999999984
1560888720000,2019-06-19 04:12:00,307.46348495,6.7714,6.7714,6.7699,6.77,6.767479999999983
1560888660000,2019-06-19 04:11:00,10.0,6.77,6.77,6.77,6.77,6.765339999999983
1560888600000,2019-06-19 04:10:00,2.0,6.7666,6.7666,6.7647,6.7647,6.763479999999984
1560888540000,2019-06-19 04:09:00,260.768294285,6.7647,6.7647,6.7647,6.7647,6.760599999999985
1560888480000,2019-06-19 04:08:00,4.144,6.7647,6.7647,6.7647,6.7647,6.757659999999985
1560888420000,2019-06-19 04:07:00,0.48830057,6.7607,6.7607,6.7607,6.7607,6.753279999999987
1560888360000,2019-06-19 04:06:00,7.97255668,6.7607,6.7607,6.7607,6.7607,6.751979999999986
1560888300000,2019-06-19 04:05:00,0.925631875,6.7522,6.7522,6.7522,6.7522,6.7498399999999865
1560888240000,2019-06-19 04:04:00,23.9419,6.75,6.75,6.75,6.75,6.749399999999985
1560888180000,2019-06-19 04:03:00,53.4441,6.7428,6.7542,6.7428,6.7542,6.750279999999987
1560888120000,2019-06-19 04:02:00,213.40038289,6.7542,6.7542,6.7503,6.7503,6.751719999999986
1560888060000,2019-06-19 04:01:00,395.6704,6.75,6.7504,6.75,6.7504,6.748539999999987
1560888000000,2019-06-19 04:00:00,579.3724,6.75,6.7642,6.75,6.7593,6.7461999999999875
1560887940000,2019-06-19 03:59:00,3.27792713,6.7544,6.7544,6.75,6.75,6.745799999999987
1560887880000,2019-06-19 03:58:00,12.0,6.75,6.75,6.7403,6.7403,6.744519999999985
1560887820000,2019-06-19 03:57:00,13.56759215,6.7383,6.7383,6.7367,6.7383,6.7441199999999855
1560887760000,2019-06-19 03:56:00,3.5004,6.7383,6.7451,6.7383,6.7451,6.747479999999984
1560887700000,2019-06-19 03:55:00,2.0,6.747999999999999,6.747999999999999,6.747999999999999,6.747999999999999,6.750839999999984
1560887640000,2019-06-19 03:54:00,366.1139,6.747999999999999,6.747999999999999,6.747999999999999,6.747999999999999,6.753479999999985
1560887580000,2019-06-19 03:53:00,1091.1711,6.747999999999999,6.7574,6.747999999999999,6.7551,6.758159999999985
1560887520000,2019-06-19 03:52:00,2.0,6.7551,6.7551,6.7551,6.7551,6.7628399999999855
1560887460000,2019-06-19 03:51:00,1100.194,6.7551,6.7657,6.7551,6.7612,6.766099999999986
1560887400000,2019-06-19 03:50:00,1999.959926365,6.7612,6.7831,6.7612,6.7742,6.768739999999985
1560887340000,2019-06-19 03:49:00,0.0,6.7714,6.7714,6.7714,6.7714,6.7713599999999845
1560887280000,2019-06-19 03:48:00,70.996385955,6.7714,6.7714,6.7714,6.7714,6.770739999999984
1560887220000,2019-06-19 03:47:00,1.8,6.7714,6.7714,6.7714,6.7714,6.770099999999983
1560887160000,2019-06-19 03:46:00,15.06668668,6.7683,6.7742,6.7683,6.7742,6.769459999999984
1560887100000,2019-06-19 03:45:00,725.462,6.7743,6.7743,6.7683,6.7683,6.7694399999999835
1560887040000,2019-06-19 03:44:00,718.494001,6.7683,6.7757,6.7683,6.7757,6.768219999999983
1560886980000,2019-06-19 03:43:00,0.0,6.7682,6.7682,6.7682,6.7682,6.768199999999982
1560886920000,2019-06-19 03:42:00,0.0,6.7682,6.7682,6.7682,6.7682,6.768199999999982
1560886860000,2019-06-19 03:41:00,0.0,6.7682,6.7682,6.7682,6.7682,6.769219999999981
1560886800000,2019-06-19 03:40:00,0.0,6.7682,6.7682,6.7682,6.7682,6.770239999999982
1560886740000,2019-06-19 03:39:00,1.0,6.7682,6.7682,6.7682,6.7682,6.771259999999981
1560886680000,2019-06-19 03:38:00,59.148999999999994,6.7682,6.7733,6.7682,6.7733,6.772279999999981
1560886620000,2019-06-19 03:37:00,0.0,6.7733,6.7733,6.7733,6.7733,6.772459999999981
1560886560000,2019-06-19 03:36:00,0.0,6.7733,6.7733,6.7733,6.7733,6.771619999999982
1560886500000,2019-06-19 03:35:00,0.0,6.7733,6.7733,6.7733,6.7733,6.7707799999999825
1560886440000,2019-06-19 03:34:00,2.0,6.7733,6.7733,6.7691,6.7691,6.769879999999982
1560886380000,2019-06-19 03:33:00,2.0,6.7691,6.7691,6.7691,6.7691,6.768979999999982
1560886320000,2019-06-19 03:32:00,2.0,6.7691,6.7691,6.7691,6.7691,6.769979999999981
1560886260000,2019-06-19 03:31:00,2.0,6.7691,6.7691,6.7688,6.7688,6.77003999999998
1560886200000,2019-06-19 03:30:00,2.0,6.7688,6.7688,6.7688,6.7688,6.771079999999979
1560886140000,2019-06-19 03:29:00,170.68599999999998,6.7688,6.7729,6.7688,6.7729,6.77217999999998
1560886080000,2019-06-19 03:28:00,387.26,6.7741,6.7767,6.7691,6.7694,6.77327999999998
1560886020000,2019-06-19 03:27:00,276.635,6.7694,6.7716,6.7694,6.7716,6.77331999999998
1560885960000,2019-06-19 03:26:00,2.0,6.7743,6.7743,6.7743,6.7743,6.774299999999981
1560885900000,2019-06-19 03:25:00,2.0,6.7743,6.7743,6.7743,6.7743,6.7742999999999824
1560885840000,2019-06-19 03:24:00,2.0,6.7743,6.7743,6.7743,6.7743,6.7756399999999815
1560885780000,2019-06-19 03:23:00,2.0,6.7743,6.7743,6.7743,6.7743,6.774619999999982
1560885720000,2019-06-19 03:22:00,42.64665604,6.7743,6.7743,6.7743,6.7743,6.773399999999981
1560885660000,2019-06-19 03:21:00,7.37134396,6.7743,6.7811,6.7743,6.7811,6.7734599999999805
1560885600000,2019-06-19 03:20:00,1083.425525,6.781000000000001,6.781000000000001,6.7692,6.7692,6.773519999999979
1560885540000,2019-06-19 03:19:00,2.5082273999999996,6.7692,6.7692,6.7682,6.7682,6.77187999999998
1560885480000,2019-06-19 03:18:00,3.069,6.7682,6.7745,6.7682,6.7745,6.773579999999981
1560885420000,2019-06-19 03:17:00,7.107,6.7746,6.7746,6.7746,6.7746,6.775479999999982
1560885360000,2019-06-19 03:16:00,82.92664294,6.7746,6.7746,6.7722,6.7728,6.775139999999982
1560885300000,2019-06-19 03:15:00,25.5671,6.7728,6.7777,6.7728,6.7777,6.774319999999982
1560885240000,2019-06-19 03:14:00,2.0,6.7777,6.7777,6.7777,6.7777,6.77525999999998
1560885180000,2019-06-19 03:13:00,2.0,6.7777,6.7777,6.7729,6.7729,6.77523999999998
1560885120000,2019-06-19 03:12:00,2.0,6.7729,6.7729,6.7707,6.7707,6.775699999999979
1560885060000,2019-06-19 03:11:00,3.638758755,6.7705,6.7774,6.7705,6.7774,6.774159999999979
1560885000000,2019-06-19 03:10:00,32.101,6.7775,6.7776,6.7774,6.7776,6.774279999999979
1560884940000,2019-06-19 03:09:00,29.04,6.7776,6.7778,6.7776,6.7778,6.773959999999979
1560884880000,2019-06-19 03:08:00,907.658,6.78,6.7801,6.7652,6.7652,6.77473999999998
1560884820000,2019-06-19 03:07:00,122.179,6.7652,6.7711,6.7652,6.7711,6.7757399999999794
1560884760000,2019-06-19 03:06:00,258.8758,6.7711,6.7729,6.7711,6.7729,6.776619999999978
1560884700000,2019-06-19 03:05:00,1276.487,6.7759,6.781000000000001,6.7701,6.781000000000001,6.775379999999979
1560884640000,2019-06-19 03:04:00,2.0,6.7815,6.7844,6.7815,6.7844,6.773719999999979
1560884580000,2019-06-19 03:03:00,6.475,6.785,6.785,6.7723,6.7778,6.771119999999979
1560884520000,2019-06-19 03:02:00,503.432791245,6.7696,6.7711,6.7665,6.7665,6.767819999999981
1560884460000,2019-06-19 03:01:00,2001.0,6.7649,6.7672,6.7615,6.7672,6.767599999999982
1560884400000,2019-06-19 03:00:00,1762.2199842265,6.7676,6.7751,6.7676,6.7749,6.768219999999983
1560884340000,2019-06-19 02:59:00,2.0,6.7685,6.7685,6.7685,6.7685,6.767439999999982
1560884280000,2019-06-19 02:58:00,1089.474028755,6.7685,6.7685,6.7685,6.7685,6.768939999999981
1560884220000,2019-06-19 02:57:00,613.938271245,6.7685,6.769,6.768,6.769,6.76973999999998
1560884160000,2019-06-19 02:56:00,133.466063,6.768,6.7777,6.7637,6.7637,6.768079999999979
1560884100000,2019-06-19 02:55:00,5755.099281055,6.7637,6.7773,6.7624,6.776,6.7659799999999795
1560884040000,2019-06-19 02:54:00,1417.350260945,6.776,6.776,6.7725,6.7725,6.76389999999998
1560883980000,2019-06-19 02:53:00,29.42838383,6.7725,6.7725,6.7602,6.7602,6.759359999999981
1560883920000,2019-06-19 02:52:00,369.12285005,6.7602,6.7602,6.7575,6.757999999999999,6.755519999999981
1560883860000,2019-06-19 02:51:00,546.311,6.7575,6.7595,6.7533,6.7594,6.754139999999983
1560883800000,2019-06-19 02:50:00,0.0,6.7533,6.7533,6.7533,6.7533,6.753299999999983
1560883740000,2019-06-19 02:49:00,0.0,6.7533,6.7533,6.7533,6.7533,6.752819999999983
1560883680000,2019-06-19 02:48:00,2.0,6.7533,6.7533,6.7533,6.7533,6.7523399999999825
1560883620000,2019-06-19 02:47:00,2.0,6.7533,6.7533,6.7533,6.7533,6.751319999999981
1560883560000,2019-06-19 02:46:00,5.3807349,6.7533,6.7588,6.7533,6.7581,6.75037999999998
1560883500000,2019-06-19 02:45:00,2.0,6.7509,6.7509,6.7509,6.7509,6.747359999999979
1560883440000,2019-06-19 02:44:00,137.4141,6.7509,6.7551,6.7482,6.7482,6.745179999999979
1560883380000,2019-06-19 02:43:00,2.18601171,6.7482,6.7486,6.7482,6.7486,6.742999999999979
1560883320000,2019-06-19 02:42:00,122.179,6.7486,6.7486,6.7382,6.7382,6.741359999999981
1560883260000,2019-06-19 02:41:00,2.37139857,6.7382,6.74,6.7382,6.7382,6.738719999999981
1560883200000,2019-06-19 02:40:00,2.0,6.74,6.74,6.74,6.74,6.73913999999998
1560883140000,2019-06-19 02:39:00,2.9996810000000003,6.74,6.74,6.74,6.74,6.73857999999998
1560883080000,2019-06-19 02:38:00,7.946319,6.74,6.74,6.7354,6.7354,6.73723999999998
1560883020000,2019-06-19 02:37:00,344.774792835,6.7354,6.7403,6.728,6.7282,6.7377999999999805
1560882960000,2019-06-19 02:36:00,51.107,6.7403,6.746,6.734,6.7374,6.74013999999998
1560882900000,2019-06-19 02:35:00,2.99278521,6.7372,6.7372,6.7333,6.7333,6.74007999999998
1560882840000,2019-06-19 02:34:00,33.197258000000005,6.7333,6.7428,6.7307,6.7428,6.74007999999998
1560882780000,2019-06-19 02:33:00,622.36,6.7428,6.7471,6.7428,6.7471,6.73925999999998
1560882720000,2019-06-19 02:32:00,17.011791155,6.7471,6.7471,6.7378,6.74,6.735719999999979
1560882660000,2019-06-19 02:31:00,636.580061435,6.74,6.74,6.7373,6.7373,6.73039999999998
1560882600000,2019-06-19 02:30:00,47.946999999999996,6.7372,6.7372,6.7372,6.7372,6.726479999999979
1560882540000,2019-06-19 02:29:00,2.0,6.7292,6.7292,6.7292,6.7292,6.724439999999978
1560882480000,2019-06-19 02:28:00,271.216,6.7251,6.7286,6.725,6.7286,6.724199999999979
1560882420000,2019-06-19 02:27:00,2.0,6.7205,6.7205,6.7204,6.7204,6.7247799999999796
1560882360000,2019-06-19 02:26:00,96.74825838,6.7204,6.7267,6.7204,6.7267,6.72653999999998
1560882300000,2019-06-19 02:25:00,36.6748,6.727,6.728,6.727,6.728,6.7291399999999815
1560882240000,2019-06-19 02:24:00,196.46599999999998,6.728,6.73,6.728,6.728,6.730159999999981
1560882180000,2019-06-19 02:23:00,247.31,6.728,6.7293,6.728,6.7293,6.73299999999998
1560882120000,2019-06-19 02:22:00,461.459558515,6.7293,6.7334,6.7293,6.7334,6.73583999999998
1560882060000,2019-06-19 02:21:00,395.226,6.7334,6.7458,6.7321,6.7321,6.736279999999979
1560882000000,2019-06-19 02:20:00,850.946923485,6.7321,6.7436,6.732,6.7422,6.735899999999978
1560881940000,2019-06-19 02:19:00,302.0,6.7422,6.7422,6.7410000000000005,6.7422,6.737439999999978
1560881880000,2019-06-19 02:18:00,1.313870135,6.7422,6.7422,6.7422,6.7422,6.737299999999979
1560881820000,2019-06-19 02:17:00,0.0,6.7315,6.7315,6.7315,6.7315,6.735839999999979
1560881760000,2019-06-19 02:16:00,64.770718,6.7315,6.7398,6.7315,6.7398,6.736519999999979
1560881700000,2019-06-19 02:15:00,128.909,6.7398,6.7415,6.7398,6.7415,6.737199999999978
1560881640000,2019-06-19 02:14:00,6.53,6.7415,6.7415,6.7347,6.7349,6.7346599999999786
1560881580000,2019-06-19 02:13:00,2.0,6.7349,6.7349,6.7349,6.7349,6.7317799999999774
1560881520000,2019-06-19 02:12:00,2.0,6.7349,6.7349,6.7349,6.7349,6.732739999999978
1560881460000,2019-06-19 02:11:00,3.030641495,6.7349,6.7349,6.7336,6.7336,6.733739999999978
1560881400000,2019-06-19 02:10:00,2.0,6.7271,6.7271,6.7271,6.7271,6.732739999999978
1560881340000,2019-06-19 02:09:00,279.7979,6.7271,6.7397,6.7271,6.7397,6.7333199999999795
1560881280000,2019-06-19 02:08:00,83.113,6.7397,6.7399,6.735,6.7399,6.73481999999998
1560881220000,2019-06-19 02:07:00,37.997,6.7399,6.7399,6.7299,6.7299,6.735799999999979
1560881160000,2019-06-19 02:06:00,3.0,6.7299,6.7299,6.7299,6.7299,6.7358799999999786
1560881100000,2019-06-19 02:05:00,1741.459916725,6.73,6.7346,6.73,6.7346,6.739359999999979
1560881040000,2019-06-19 02:04:00,681.5369999999999,6.7346,6.7454,6.7346,6.7446,6.744739999999979
1560880980000,2019-06-19 02:03:00,53.966,6.7446,6.7446,6.7403,6.7403,6.745939999999979
1560880920000,2019-06-19 02:02:00,444.79104232919997,6.7403,6.7473,6.7384,6.7473,6.745059999999979
1560880860000,2019-06-19 02:01:00,106.337,6.7473,6.7569,6.7473,6.7569,6.74503999999998
1560880800000,2019-06-19 02:00:00,1697.18611,6.7569,6.7569,6.7381,6.7406,6.74237999999998
1560880740000,2019-06-19 01:59:00,133.763169005,6.7406,6.7432,6.7406,6.7432,6.7392799999999795
1560880680000,2019-06-19 01:58:00,0.0,6.7402,6.7402,6.7402,6.7402,6.739439999999979
1560880620000,2019-06-19 01:57:00,1504.44609841,6.7402,6.7402,6.734,6.734,6.738299999999978
1560880560000,2019-06-19 01:56:00,676.841,6.734,6.7461,6.734,6.7414,6.737599999999977
1560880500000,2019-06-19 01:55:00,300.92259024,6.7414,6.7499,6.7414,6.7457,6.736819999999978
1560880440000,2019-06-19 01:54:00,2.5,6.7414,6.7414,6.7388,6.7388,6.734139999999978
1560880380000,2019-06-19 01:53:00,106.332279015,6.7345,6.7367,6.7323,6.7367,6.728799999999978
1560880320000,2019-06-19 01:52:00,331.00699999999995,6.7367,6.7367,6.7312,6.7312,6.725799999999978
1560880260000,2019-06-19 01:51:00,464.60829338,6.7301,6.7367,6.73,6.73,6.722359999999978
1560880200000,2019-06-19 01:50:00,644.401083275,6.728,6.728,6.7147,6.7147,6.721799999999978
1560880140000,2019-06-19 01:49:00,552.85,6.7147,6.7195,6.7147,6.7195,6.721299999999978
1560880080000,2019-06-19 01:48:00,362.5792,6.7195,6.7195,6.7195,6.7195,6.7185199999999785
1560880020000,2019-06-19 01:47:00,118.7932,6.7195,6.7294,6.7195,6.7273,6.7171399999999775
1560879960000,2019-06-19 01:46:00,4951.57828999,6.7273,6.73,6.72,6.726,6.717799999999977
1560879900000,2019-06-19 01:45:00,637.278,6.7255,6.7255,6.7064,6.7064,6.716259999999977
1560879840000,2019-06-19 01:44:00,1951.1408,6.7008,6.7202,6.7008,6.7126,6.714199999999977
1560879780000,2019-06-19 01:43:00,903.2222115610001,6.7126,6.7171,6.707999999999999,6.7171,6.715659999999977
1560879720000,2019-06-19 01:42:00,3576.18174541,6.7228,6.7267,6.7157,6.7196,6.711799999999977
1560879660000,2019-06-19 01:41:00,138.70609944,6.7196,6.7196,6.7123,6.7152,6.706239999999977
1560879600000,2019-06-19 01:40:00,933.9604,6.7152,6.7156,6.707999999999999,6.707999999999999,6.701959999999977
1560879540000,2019-06-19 01:39:00,297.439,6.7081,6.7089,6.6933,6.6933,6.696459999999976
1560879480000,2019-06-19 01:38:00,3069.04636498,6.6933,6.7149,6.6925,6.695,6.694839999999976
1560879420000,2019-06-19 01:37:00,1341.7371,6.695,6.7042,6.6925,6.6982,6.692639999999976
1560879360000,2019-06-19 01:36:00,1505.07659215,6.6982,6.7,6.6857,6.6877,
1560879300000,2019-06-19 01:35:00,1965.70412346,6.6877,6.712999999999999,6.6877,6.7007,
1560879240000,2019-06-19 01:34:00,17801.35762875,6.7,6.7027,6.6786,6.6823,
1560879180000,2019-06-19 01:33:00,5989.53785249,6.6823,6.6823,6.6428,6.65,
